Link,Views,Upload Date,Detail Views
https://www.youtube.com/watch?v=kqtD5dpn9C8,8.3M views,2020,8340944
https://www.youtube.com/watch?v=iA8lLwmtKQM,1.1M views,2020,1158871
https://www.youtube.com/watch?v=eWRfhZUzrAc,442K views,2022,442323
https://www.youtube.com/watch?v=b093aqAZiPU,1M views,2021,1070113
https://www.youtube.com/watch?v=t8pPdKYpowI,3.3M views,2021,3362546
https://www.youtube.com/watch?v=rWC2iFlN3TM,103K views,2021,103306
https://www.youtube.com/watch?v=XKHEtdqhLK8,6.6M views,2021,6686579
https://www.youtube.com/watch?v=B9nFMZIYQl0,91K views,2022,91635
https://www.youtube.com/watch?v=RRr0kMLf8sE,11K views,2022,11076
https://www.youtube.com/watch?v=DInMru2Eq6E,167K views,2022,167439
https://www.youtube.com/watch?v=8ext9G7xspg,3.1M views,2020,3124818
https://www.youtube.com/watch?v=8124kv-632k,238K views,2022,238937
https://www.youtube.com/watch?v=mRMmlo_Uqcs,1.4M views,2021,1443210
https://www.youtube.com/watch?v=GE6Ez08TpvM,No views,2022,27
https://www.youtube.com/watch?v=bIjJVKmAz98,37K views,2022,37431
https://www.youtube.com/watch?v=2hyU9iKjMQI,No views,2022,8
https://www.youtube.com/watch?v=_yu2H6JnP4c,No views,2022,5
https://www.youtube.com/watch?v=Dy9yLUwVvsI,No views,2022,7
https://www.youtube.com/watch?v=GyPmzlkkVt8,No views,2022,11
https://www.youtube.com/watch?v=HiDMJ3-UbTE,46 views,2022,46
https://www.youtube.com/watch?v=JMMk98nZYlU,No views,2022,24
https://www.youtube.com/watch?v=G83I5kYuELY,No views,2022,10
https://www.youtube.com/watch?v=xnJ6EUyHguw,2 views,2022,6
https://www.youtube.com/watch?v=IFu4yiYV5-E,6 views,2022,11
https://www.youtube.com/watch?v=Fy_MhhsBel4,2 views,2022,6
https://www.youtube.com/watch?v=ZWahLSGaR5M,3 views,2022,6
https://www.youtube.com/watch?v=zPFZy6wKhVA,59K views,2022,59257
https://www.youtube.com/watch?v=LzYNWme1W6Q,672K views,2020,672705
https://www.youtube.com/watch?v=LHBE6Q9XlzI,2.4M views,2020,2472063
https://www.youtube.com/watch?v=k9WqpQp8VSU,3.7M views,2022,3751052
https://www.youtube.com/watch?v=th4OBktqK1I,231K views,2022,231428
https://www.youtube.com/watch?v=rwWCyXYwPhA,108K views,2022,108639
https://www.youtube.com/watch?v=cJJTnI22IF8,83K views,2020,83264
https://www.youtube.com/watch?v=Oz3W-LKfafE,433K views,2022,433170
https://www.youtube.com/watch?v=vEQ8CXFWLZU,406K views,2022,406150
https://www.youtube.com/watch?v=SB2Zy4SnmyE,7.9K views,2022,7902
https://www.youtube.com/watch?v=_xf1TMs0ysk,337K views,2022,337069
https://www.youtube.com/watch?v=sxTmJE4k0ho,727K views,2020,727362
https://www.youtube.com/watch?v=vLqTf2b6GZw,3.8M views,2021,3830631
https://www.youtube.com/watch?v=_qxhff3mHZc,67K views,2022,67141
https://www.youtube.com/watch?v=dqdrVzzGzes,130K views,2022,130958
https://www.youtube.com/watch?v=T936yTchDck,4.2M views,2020,4284903
https://www.youtube.com/watch?v=Ogild8PjK6c,311K views,2022,311214
https://www.youtube.com/watch?v=Ej_02ICOIgs,872K views,2021,872348
https://www.youtube.com/watch?v=JeznW_7DlB0,2.3M views,2020,2322533
https://www.youtube.com/watch?v=aCaV5KO8z_o,77K views,2020,77481
https://www.youtube.com/watch?v=29ORwoToTww,80K views,2022,80579
https://www.youtube.com/watch?v=MHPGeQD8TvI,2.9M views,2021,2959405
https://www.youtube.com/watch?v=xErUnOKQbFw,226K views,2021,226730
https://www.youtube.com/watch?v=pdy3nh1tn6I,242K views,2022,242265
https://www.youtube.com/watch?v=p15xzjzR9j0,1M views,2020,1066827
https://www.youtube.com/watch?v=27u8xHqLMZE,805K views,2020,805466
https://www.youtube.com/watch?v=BiDOehqG68g,317K views,2021,317331
https://www.youtube.com/watch?v=mDKM-JtUhhc,45K views,2022,45396
https://www.youtube.com/watch?v=0sOvCWFmrtA,1.2M views,2021,1217237
https://www.youtube.com/watch?v=WRNV7NVLNuA,208K views,2020,208347
https://www.youtube.com/watch?v=qxYbHzn8bbU,806K views,2020,806683
https://www.youtube.com/watch?v=BkzYfW1H8LI,665K views,2022,665715
https://www.youtube.com/watch?v=r-uOLxNrNk8,2.2M views,2020,2270286
https://www.youtube.com/watch?v=IXr0-J5XXMA,464K views,2021,464716
https://www.youtube.com/watch?v=sCOw5y1RQpY,4.6M views,2021,4691887
https://www.youtube.com/watch?v=kWEbNBXc2-Y,323K views,2022,323282
https://www.youtube.com/watch?v=ubV-8EYzTyc,79K views,2022,79695
https://www.youtube.com/watch?v=mJEpimi_tFo,94K views,2020,94493
https://www.youtube.com/watch?v=PgKbrHcVhZs,10K views,2021,10950
https://www.youtube.com/watch?v=7eh4d6sabA0,1.6M views,2020,1655546
https://www.youtube.com/watch?v=L5sZ6WgOnj0,214K views,2021,214652
https://www.youtube.com/watch?v=VchuKL44s6E,1M views,2020,1093499
https://www.youtube.com/watch?v=m_y5g1SHbTA,4.6K views,2022,4663
https://www.youtube.com/watch?v=OdtVdjtONb4,52K views,2021,52320
https://www.youtube.com/watch?v=Yp_tqu22zIU,1.2M views,2021,1237986
https://www.youtube.com/watch?v=_ZnxE3bRAVQ,21K views,2022,21069
https://www.youtube.com/watch?v=P_r5YtAW8lk,29K views,2022,29615
https://www.youtube.com/watch?v=79pKwdiqcwI,4.4M views,2022,4449284
https://www.youtube.com/watch?v=7utwZYKweho,65K views,2022,65936
https://www.youtube.com/watch?v=qUeud6DvOWI,999K views,2021,999994
https://www.youtube.com/watch?v=eTyI-M50Hu4,2M views,2020,2060210
https://www.youtube.com/watch?v=gfDE2a7MKjA,18M views,2020,18299120
https://www.youtube.com/watch?v=n2B-FClr5rA,179K views,2022,179676
https://www.youtube.com/watch?v=PXMJ6FS7llk,644K views,2022,644768
https://www.youtube.com/watch?v=XIrOM9oP3pA,787K views,2021,787237
https://www.youtube.com/watch?v=-VDXBHLU8q4,2.2M views,2022,2231004
https://www.youtube.com/watch?v=F3T8tg2tVKM,42K views,2020,42911
https://www.youtube.com/watch?v=t7DrJqcUviA,213K views,2021,213026
https://www.youtube.com/watch?v=n0zEsDkwwQs,104K views,2022,104392
https://www.youtube.com/watch?v=SrSl6T1My00,121K views,2020,121064
https://www.youtube.com/watch?v=GKsCitAEKow,94K views,2020,94368
https://www.youtube.com/watch?v=cBQ4c1IQJSE,61K views,2021,61413
https://www.youtube.com/watch?v=Va37c30zA-M,463K views,2020,463684
https://www.youtube.com/watch?v=rHux0gMZ3Eg,1.1M views,2021,1188152
https://www.youtube.com/watch?v=0c6JXSQKEP4,68K views,2021,68278
https://www.youtube.com/watch?v=NCvI-K0Gp90,527K views,2022,527660
https://www.youtube.com/watch?v=ub7AzDdqEDc,18K views,2020,18278
https://www.youtube.com/watch?v=__izua1kKeI,275K views,2021,275806
https://www.youtube.com/watch?v=k0ZAkmYxVTQ,86K views,2022,86830
https://www.youtube.com/watch?v=iJblwyN0c0M,471K views,2021,471705
https://www.youtube.com/watch?v=M_npdRYD4K0,213K views,2020,213120
https://www.youtube.com/watch?v=pkYVOmU3MgA,1.2M views,2021,1206472
https://www.youtube.com/watch?v=bzWzlXiavXs,37K views,2021,37247
https://www.youtube.com/watch?v=LEXFAgBBfE0,61K views,2020,61529
https://www.youtube.com/watch?v=6i3EGqOBRiU,77K views,2022,77393
https://www.youtube.com/watch?v=TQ6AwO0sdvA,106K views,2020,106925
https://www.youtube.com/watch?v=aftw0WX4oCc,38K views,2021,38048
https://www.youtube.com/watch?v=c8W7dRPdIPE,74K views,2022,74715
https://www.youtube.com/watch?v=-pEs-Bss8Wc,249K views,2020,249561
https://www.youtube.com/watch?v=2WL-XTl2QYI,158K views,2021,158537
https://www.youtube.com/watch?v=OKuiyX5k6zg,315K views,2022,315220
https://www.youtube.com/watch?v=ZLga4doUdjY,23K views,2021,23648
https://www.youtube.com/watch?v=xMTBi4Q0cHw,6.1K views,2020,6106
https://www.youtube.com/watch?v=T6OLDHAWjjA,368K views,2021,368088
https://www.youtube.com/watch?v=s3IvdkCq2_c,109K views,2020,109111
https://www.youtube.com/watch?v=6Fa91SY9Gnw,13K views,2022,13327
https://www.youtube.com/watch?v=W1dzfYW4-KQ,48K views,2020,48470
https://www.youtube.com/watch?v=QhD015WUMxE,67K views,2021,67661
https://www.youtube.com/watch?v=dHANJ4l6fwA,54K views,2021,54308
https://www.youtube.com/watch?v=_1IuEz8vp-E,12K views,2020,12411
https://www.youtube.com/watch?v=SKhFwzsTQUE,126K views,2020,126923
https://www.youtube.com/watch?v=at7rpdT8FeI,900K views,2020,900154
https://www.youtube.com/watch?v=E8fmDDtaHLU,124K views,2022,124652
https://www.youtube.com/watch?v=9ikGSQwxp-A,17K views,2021,17194
https://www.youtube.com/watch?v=dK6gJw4-NCo,58K views,2021,59005
https://www.youtube.com/watch?v=o_NVse-jrsY,3.9K views,2020,3928
https://www.youtube.com/watch?v=T6_pYAWkzzA,12K views,2020,12709
https://www.youtube.com/watch?v=HvjYxuU6LHk,650K views,2021,650955
https://www.youtube.com/watch?v=KUpAMAQtOow,450K views,2021,450676
https://www.youtube.com/watch?v=gdaSQAqXIwI,46K views,2021,46157
https://www.youtube.com/watch?v=5aYpkLfkgRE,186K views,2022,186453
https://www.youtube.com/watch?v=XCKWZAtKTnU,137K views,2021,137334
https://www.youtube.com/watch?v=yKHJsLUENl0,55K views,2020,55849
https://www.youtube.com/watch?v=Gf1QaBReA2I,129K views,2020,129535
https://www.youtube.com/watch?v=mXJzJM9YAjM,42K views,2020,42942
https://www.youtube.com/watch?v=at_pCoGgs2E,17K views,2022,17589
https://www.youtube.com/watch?v=rOpJhKa-Chk,25K views,2021,25675
https://www.youtube.com/watch?v=f7LEWxX4AVI,522K views,2020,522603
https://www.youtube.com/watch?v=lUWkxFEfe2g,66K views,2020,66560
https://www.youtube.com/watch?v=M323OL6K5vs,305K views,2021,305941
https://www.youtube.com/watch?v=j4F75zbPdoQ,2.1K views,2022,2182
https://www.youtube.com/watch?v=ZN1ECEOKFKM,54K views,2020,54554
https://www.youtube.com/watch?v=8AYWbW-tU0Y,18K views,2022,18076
https://www.youtube.com/watch?v=9hVzEKZQyMU,3.2M views,2020,3276706
https://www.youtube.com/watch?v=RnFGwxJwx-0,1.2M views,2020,1207063
https://www.youtube.com/watch?v=H0gBuwpriMs,8.5K views,2020,8554
https://www.youtube.com/watch?v=qYhrd2Lhq0g,237K views,2022,237404
https://www.youtube.com/watch?v=n2o8ckO-lfk,56K views,2020,56080
https://www.youtube.com/watch?v=UARBitWTIwQ,77K views,2022,77761
https://www.youtube.com/watch?v=O60CFmcWyEY,56K views,2020,56516
https://www.youtube.com/watch?v=lFlKyGygoW0,212K views,2020,212728
https://www.youtube.com/watch?v=Bsv_07Q-D70,84K views,2021,84232
https://www.youtube.com/watch?v=4TWtdIs2d2E,54K views,2022,55003
https://www.youtube.com/watch?v=XoMTqblwoIM,20K views,2021,20486
https://www.youtube.com/watch?v=tPYj3fFJGjk,2.2M views,2020,2284454
https://www.youtube.com/watch?v=omLC53C55qE,12 views,2022,12
https://www.youtube.com/watch?v=FP6qQgJI5f4,36K views,2022,36397
https://www.youtube.com/watch?v=jBzwzrDvZ18,1.2M views,2021,1241127
https://www.youtube.com/watch?v=MUZtVEDKXsk,68K views,2021,68696
https://www.youtube.com/watch?v=BI2f6Mefhjo,19K views,2020,19806
https://www.youtube.com/watch?v=OJk5rD7st-I,35K views,2021,35554
https://www.youtube.com/watch?v=a6DPueTvN50,37K views,2020,37336
https://www.youtube.com/watch?v=Kn1HF3oD19c,799K views,2021,799179
https://www.youtube.com/watch?v=LajgX-9nNB8,110K views,2021,110785
https://www.youtube.com/watch?v=oXlwWbU8l2o,2.1M views,2020,2187102
https://www.youtube.com/watch?v=RJWlUyfOy1o,57K views,2021,57832
https://www.youtube.com/watch?v=rDrDZFtLBNs,116K views,2022,116778
https://www.youtube.com/watch?v=FniLzpaSFGk,29K views,2022,29921
https://www.youtube.com/watch?v=GPVsHOlRBBI,1.6M views,2021,1607689
https://www.youtube.com/watch?v=i_ZEaE5vfE0,17K views,2020,17923
https://www.youtube.com/watch?v=mpL0Y01v6tY,21K views,2021,21422
https://www.youtube.com/watch?v=Ongc4EVqRjo,318K views,2020,318339
https://www.youtube.com/watch?v=jH85McHenvw,191K views,2022,191026
https://www.youtube.com/watch?v=hu1Q2Uw2muE,29K views,2020,29375
https://www.youtube.com/watch?v=s8XjEuplx_U,873K views,2021,873541
https://www.youtube.com/watch?v=l1nmr3QeohI,888K views,2021,888823
https://www.youtube.com/watch?v=N81PCpADwKQ,221K views,2020,221190
https://www.youtube.com/watch?v=_MzEthXDlGo,459K views,2020,459830
https://www.youtube.com/watch?v=k5A92NDg8RQ,15K views,2020,15140
https://www.youtube.com/watch?v=_etNNDKbnHY,35K views,2021,35823
https://www.youtube.com/watch?v=z1PGJ9quPV8,641K views,2021,641594
https://www.youtube.com/watch?v=zrNHkRgWzTI,68K views,2021,68096
https://www.youtube.com/watch?v=v68woFABJ5U,200K views,2022,200500
https://www.youtube.com/watch?v=G8MYGDf_9ho,65K views,2021,65684
https://www.youtube.com/watch?v=qbLc5a9jdXo,540K views,2020,540393
https://www.youtube.com/watch?v=XtdQv1-tN18,39K views,2021,39818
https://www.youtube.com/watch?v=7X08tuz0M5o,15K views,2022,15254
https://www.youtube.com/watch?v=7FltByLPnrg,63K views,2021,63725
https://www.youtube.com/watch?v=RYE0QQKJI9o,560K views,2021,560030
https://www.youtube.com/watch?v=7mTDcJ8bz_0,19K views,2020,19081
https://www.youtube.com/watch?v=s8uyLscRl-Q,724K views,2020,724396
https://www.youtube.com/watch?v=wevY5qgMEZQ,4.4K views,2021,4473
https://www.youtube.com/watch?v=j7VZsCCnptM,515K views,2021,515040
https://www.youtube.com/watch?v=l8Imtec4ReQ,821K views,2021,821556
https://www.youtube.com/watch?v=0DLnExXGrRE,58K views,2021,58652
https://www.youtube.com/watch?v=qgwEs36D_Xc,61K views,2020,61899
https://www.youtube.com/watch?v=zPGb7GJNcNI,6.7K views,2022,6724
https://www.youtube.com/watch?v=JnFkHNIheXQ,21K views,2020,21008
https://www.youtube.com/watch?v=JxzZxdht-XY,1.2M views,2020,1225932
https://www.youtube.com/watch?v=7guoq2ka7Gw,4.1K views,2020,4121
https://www.youtube.com/watch?v=JNXmCOumNw0,21K views,2021,21713
https://www.youtube.com/watch?v=ot94H3-d5d8,104K views,2021,104559
https://www.youtube.com/watch?v=fP9IvI4qu80,1.4M views,2021,1453139
https://www.youtube.com/watch?v=yGN28LY5VuA,31K views,2021,31365
https://www.youtube.com/watch?v=JdG1cVFyj5A,813K views,2021,813794
https://www.youtube.com/watch?v=Zb5Nylziu6E,77K views,2022,77270
https://www.youtube.com/watch?v=CVWUcUZ_CKY,7K views,2020,7048
https://www.youtube.com/watch?v=t4QNtBKCMZI,12K views,2020,12749
https://www.youtube.com/watch?v=8lLWtr5Kzl0,12K views,2021,12104
https://www.youtube.com/watch?v=B-s71n0dHUk,290K views,2022,290814
https://www.youtube.com/watch?v=WZHx1h6f2W0,504K views,2020,505028
https://www.youtube.com/watch?v=DsCazsOPHSc,24K views,2021,24211
https://www.youtube.com/watch?v=hQ_Bv99TSOw,2.8K views,2020,2871
https://www.youtube.com/watch?v=SJ7xnhSLwi0,6.6K views,2022,6658
https://www.youtube.com/watch?v=AwIXfaGEN4c,145K views,2022,145638
https://www.youtube.com/watch?v=3kPOahr0unM,238K views,2020,238916
https://www.youtube.com/watch?v=KM_9in6ei50,82K views,2020,82508
https://www.youtube.com/watch?v=j31ah5Qa4QI,46K views,2020,46791
https://www.youtube.com/watch?v=8hly31xKli0,2.7M views,2021,2779905
https://www.youtube.com/watch?v=XHzQvq-ltAo,305K views,2021,305690
https://www.youtube.com/watch?v=OZIRAavoGng,149K views,2021,149072
https://www.youtube.com/watch?v=eaxU2Dmo8uw,49K views,2021,49718
https://www.youtube.com/watch?v=i3-PQ4CkU8s,123K views,2020,123179
https://www.youtube.com/watch?v=Ciqf0RJvY9U,13K views,2021,13663
https://www.youtube.com/watch?v=mYUyaKmvu6Y,118K views,2022,118854
https://www.youtube.com/watch?v=Nj7h3FWcRGY,316K views,2020,316313
https://www.youtube.com/watch?v=MfxvLJeLXZw,194K views,2020,194445
https://www.youtube.com/watch?v=cyt0O7saU4Q,210K views,2020,210542
https://www.youtube.com/watch?v=95JrLWKy6-I,265K views,2020,265524
https://www.youtube.com/watch?v=MLqHDsBOC4c,134K views,2022,134728
https://www.youtube.com/watch?v=JwSS70SZdyM,1M views,2021,1096900
https://www.youtube.com/watch?v=elBpRf9PX0Q,52K views,2020,52036
https://www.youtube.com/watch?v=uuflFk_LQ-E,1.3M views,2020,1372305
https://www.youtube.com/watch?v=nIuQu9LhNoA,117 views,2021,117
https://www.youtube.com/watch?v=C6M67z4_bZ8,12K views,2022,12087
https://www.youtube.com/watch?v=zdMUJJKFdsU,1.2M views,2021,1285110
https://www.youtube.com/watch?v=QjhnPeonvMo,167K views,2021,167165
https://www.youtube.com/watch?v=tcxYkk16BCI,1.5M views,2021,1515928
https://www.youtube.com/watch?v=BKwnOOs0ml8,958K views,2020,958488
https://www.youtube.com/watch?v=WcDaZ67TVRo,887K views,2021,887648
https://www.youtube.com/watch?v=hVrr438vl8g,282K views,2021,282253
https://www.youtube.com/watch?v=p4OH431qzoQ,26K views,2020,26232
https://www.youtube.com/watch?v=DNo3uW5USts,1.5K views,2021,1578
https://www.youtube.com/watch?v=qrDN2FKvl_w,4K views,2020,4003
https://www.youtube.com/watch?v=eKqY-oP1d_Y,3.2M views,2022,3209364
https://www.youtube.com/watch?v=XWjUbY1M3dc,229K views,2021,229995
https://www.youtube.com/watch?v=nS06BZiwJLk,83 views,2022,84
https://www.youtube.com/watch?v=rQKOPmHz5G0,37K views,2020,37157
https://www.youtube.com/watch?v=Qi28uPKaH_A,856K views,2020,856947
https://www.youtube.com/watch?v=5x6iAKdJB6U,61K views,2020,61389
https://www.youtube.com/watch?v=vFNZvZSOqlY,11K views,2020,11174
https://www.youtube.com/watch?v=znpjoOt9mtU,31K views,2021,31068
https://www.youtube.com/watch?v=qKf_gSr8CSM,12K views,2020,12038
https://www.youtube.com/watch?v=XfFkz_ND5jg,117K views,2022,117090
https://www.youtube.com/watch?v=ORGYmVvUmEY,692K views,2021,692767
https://www.youtube.com/watch?v=bi0cKgmRuiA,235K views,2020,235866
https://www.youtube.com/watch?v=GiUGVOqqCKg,34K views,2020,34179
https://www.youtube.com/watch?v=4rymD1Hpnho,56K views,2020,56247
https://www.youtube.com/watch?v=ZsRMQHbx6Xc,24K views,2020,24828
https://www.youtube.com/watch?v=9NOkPsAib2Y,3.1K views,2022,3119
https://www.youtube.com/watch?v=01sAkU_NvOY,1.1M views,2021,1128802
https://www.youtube.com/watch?v=aaPtU0dFyAU,19K views,2022,19330
https://www.youtube.com/watch?v=0unqyeg7LXo,53K views,2021,53571
https://www.youtube.com/watch?v=9FVX7PdNfu8,72K views,2020,72521
https://www.youtube.com/watch?v=ON_JubFRw8M,101K views,2020,101201
https://www.youtube.com/watch?v=Mut_u40Sqz4,187K views,2021,187545
https://www.youtube.com/watch?v=mYhSOSQC-ko,6.4K views,2021,6487
https://www.youtube.com/watch?v=LhQKRPEKfH4,1.9K views,2020,1983
https://www.youtube.com/watch?v=S051_h_t8GQ,95K views,2020,95176
https://www.youtube.com/watch?v=LP_93bSBwTs,53K views,2020,53785
https://www.youtube.com/watch?v=xfzGZB4HhEE,1.7M views,2020,1780657
https://www.youtube.com/watch?v=-Sgw-6a1HjU,13K views,2020,13040
https://www.youtube.com/watch?v=fOZEuFW3Hc0,91K views,2022,91127
https://www.youtube.com/watch?v=BNc2KflZZak,73 views,2022,74
https://www.youtube.com/watch?v=17kzaaeCLwc,23 views,2021,23
https://www.youtube.com/watch?v=PbNkn_746sU,68K views,2021,68399
https://www.youtube.com/watch?v=tsW432jMMM8,17 views,2022,17
https://www.youtube.com/watch?v=G18YEjpwHDY,23K views,2022,23983
https://www.youtube.com/watch?v=sXhKa_4-5fE,142K views,2021,142334
https://www.youtube.com/watch?v=UHKACm20iS0,10K views,2021,10816
https://www.youtube.com/watch?v=PhoSIkxM66Y,4 views,2022,4
https://www.youtube.com/watch?v=WL1d21PcDC8,3.8K views,2022,3849
https://www.youtube.com/watch?v=ZWI-jrnbMhA,18K views,2020,18375
https://www.youtube.com/watch?v=qP8kir2GUgo,371K views,2022,371934
https://www.youtube.com/watch?v=2zOuIT5mFx8,52 views,2022,52
https://www.youtube.com/watch?v=UtMMjXOlRQc,1.2M views,2022,1227289
https://www.youtube.com/watch?v=nEg1jfQDIU4,4.8K views,2020,4858
https://www.youtube.com/watch?v=nfHkVoEoc2s,111 views,2021,111
https://www.youtube.com/watch?v=-G2Wg6bC3eE,73 views,2022,73
https://www.youtube.com/watch?v=4xY9WGo5wMQ,59 views,2022,59
https://www.youtube.com/watch?v=b0sRC8iUKvg,35K views,2020,35104
https://www.youtube.com/watch?v=iM3kjbbKHQU,18K views,2022,18189
https://www.youtube.com/watch?v=WVRMWH4EmfY,3.9K views,2022,3950
https://www.youtube.com/watch?v=Y5Urb6FX364,43 views,2022,43
https://www.youtube.com/watch?v=XlxMdmDbtz8,14K views,2020,14615
https://www.youtube.com/watch?v=lfw8avj1RYo,3.2K views,2022,3238
https://www.youtube.com/watch?v=9xiuFrL0wSw,3.3K views,2022,3334
https://www.youtube.com/watch?v=OodH9dHzw1I,18K views,2022,18202
https://www.youtube.com/watch?v=Ec_8P8MIgXY,46 views,2020,46
https://www.youtube.com/watch?v=Tapo2Bm-tns,15K views,2020,15724
https://www.youtube.com/watch?v=cu0JGmTiCtY,126 views,2022,126
https://www.youtube.com/watch?v=JVFOQiNIX4o,162 views,2021,162
https://www.youtube.com/watch?v=ku-reHsAhJU,5 views,2022,5
https://www.youtube.com/watch?v=-vQ8r-T4Pi4,6.4K views,2020,6477
https://www.youtube.com/watch?v=2ITe5fdzCas,6K views,2022,6036
https://www.youtube.com/watch?v=VEIJg1gTKN8,15 views,2022,15
https://www.youtube.com/watch?v=ZW-TWrEF6qc,67K views,2022,67621
https://www.youtube.com/watch?v=nRHjymV2PX8,29K views,2021,29929
https://www.youtube.com/watch?v=Rtu821-FLF0,8 views,2022,8
https://www.youtube.com/watch?v=dufq5RBjtc4,No views,2022,1
https://www.youtube.com/watch?v=gFPMxzeqvwA,63 views,2022,63
https://www.youtube.com/watch?v=96eqseoRmi0,13K views,2021,13140
https://www.youtube.com/watch?v=yqkISICHH-U,821K views,2021,821106
https://www.youtube.com/watch?v=gOR9qZ3ZgwA,652K views,2020,652677
https://www.youtube.com/watch?v=qPmmU58ql-E,No views,2022,11
https://www.youtube.com/watch?v=2H3e8RgY7C0,177 views,2022,178
https://www.youtube.com/watch?v=YnL9vAFphmE,354K views,2022,354383
https://www.youtube.com/watch?v=9hy_0--g7N8,No views,2022,1
https://www.youtube.com/watch?v=4EaYeZyzIB0,7.2K views,2022,7254
https://www.youtube.com/watch?v=ksacqzgVoiE,10 views,2022,10
https://www.youtube.com/watch?v=BPCytCZJER0,No views,2022,9
https://www.youtube.com/watch?v=tLTkMb2ThGY,23 views,2022,23
https://www.youtube.com/watch?v=JjGJDUObcDo,101 views,2022,101
https://www.youtube.com/watch?v=WkGFqxHoOfI,72K views,2020,72739
https://www.youtube.com/watch?v=ObTWBJ4QCPQ,3K views,2022,3071
https://www.youtube.com/watch?v=5T8XykkrAGQ,No views,2022,2
https://www.youtube.com/watch?v=RF26NjCUNvs,897 views,2022,905
https://www.youtube.com/watch?v=HDXK21juI_k,18 views,2022,18
https://www.youtube.com/watch?v=8nZhfFXdLfY,1 view,2022,1
https://www.youtube.com/watch?v=590rhWXL5d4,No views,2022,1
https://www.youtube.com/watch?v=ZgqnPYmEcXw,3.6K views,2022,3620
https://www.youtube.com/watch?v=1Sti0VR-BU8,33 views,2022,33
https://www.youtube.com/watch?v=anEoBZkZRHA,3.8K views,2022,3843
https://www.youtube.com/watch?v=dLL9RhJicEA,2 views,2022,2
https://www.youtube.com/watch?v=o-pRdr8IMWg,45K views,2021,45294
https://www.youtube.com/watch?v=-BOBedcjySI,1.8K views,2022,1808
https://www.youtube.com/watch?v=-FXLwjugI_Q,18K views,2020,18463
https://www.youtube.com/watch?v=B6XpZy7to3Q,3.6K views,2022,3615
https://www.youtube.com/watch?v=W6aayKdEydk,3 views,2022,3
https://www.youtube.com/watch?v=v4MLqmvk-X8,6 views,2022,6
https://www.youtube.com/watch?v=vCJVFnepECc,20K views,2022,20954
https://www.youtube.com/watch?v=zehwgTB0vV8,4.2K views,2022,4269
https://www.youtube.com/watch?v=bUeYvbgFXLU,7 views,2022,7
https://www.youtube.com/watch?v=nbX4MBzB_rg,238K views,2020,238426
https://www.youtube.com/watch?v=lynyJWG_eHU,203 views,2022,203
https://www.youtube.com/watch?v=TBx94l7Yzw8,22 views,2022,22
https://www.youtube.com/watch?v=Ugb_slR1AyI,14 views,2022,14
https://www.youtube.com/watch?v=KbjKfwtBjlE,37 views,2022,38
https://www.youtube.com/watch?v=9tGXuk9p7tc,No views,2022,6
https://www.youtube.com/watch?v=m_3gjHGxIJc,4.6K views,2022,4659
https://www.youtube.com/watch?v=VtRLrQ3Ev-U,158K views,2022,158985
https://www.youtube.com/watch?v=qRdhNbnT8CQ,16K views,2022,16644
https://www.youtube.com/watch?v=cAWHV6EEpm0,4 views,2022,4
https://www.youtube.com/watch?v=DhdOKh5Issw,34K views,2020,34360
https://www.youtube.com/watch?v=7S7Ust6kueg,No views,2022,4
https://www.youtube.com/watch?v=d5BzuLlII_Y,170K views,2020,170376
https://www.youtube.com/watch?v=VLNcnROUTb8,105K views,2021,105790
https://www.youtube.com/watch?v=zeZ8xr6hEFA,25 views,2022,25
https://www.youtube.com/watch?v=e8cSGFLoBW0,17 views,2022,17
https://www.youtube.com/watch?v=Ov1tuHS4uNw,14K views,2022,14126
https://www.youtube.com/watch?v=kHbjmt0Olgs,14 views,2022,14
https://www.youtube.com/watch?v=6rIpt3kUI1I,26K views,2020,26023
https://www.youtube.com/watch?v=Zm-fD4tG2Yo,No views,2022,25
https://www.youtube.com/watch?v=x-Ag2_bJ40Y,9K views,2022,9091
https://www.youtube.com/watch?v=YmWg9ygpjFc,115 views,2022,115
https://www.youtube.com/watch?v=_5pH_tr7uN0,176K views,2021,176003
https://www.youtube.com/watch?v=Y-ZTiTnKKmk,2 views,2022,2
https://www.youtube.com/watch?v=T2pd3KRSoHI,29K views,2022,29554
https://www.youtube.com/watch?v=L5hU3NPXZIc,145 views,2022,148
https://www.youtube.com/watch?v=vTtqtFtIzio,23K views,2022,23289
https://www.youtube.com/watch?v=H7kui2x9CvI,7 views,2022,7
https://www.youtube.com/watch?v=wJI5RsdX26E,3.2K views,2022,3240
https://www.youtube.com/watch?v=eeRw__TlgmQ,214K views,2020,214248
https://www.youtube.com/watch?v=h-grthPvpB0,362K views,2021,362535
https://www.youtube.com/watch?v=cK342bacpQI,5.9K views,2022,5946
https://www.youtube.com/watch?v=xGcpyks8HhI,85 views,2022,85
https://www.youtube.com/watch?v=AUktGwoZqUE,11 views,2022,11
https://www.youtube.com/watch?v=_rQ3QHhWlAc,220 views,2022,221
https://www.youtube.com/watch?v=bEv8jRyHR8Y,8 views,2022,8
https://www.youtube.com/watch?v=TPLBD3ViWw8,17 views,2022,17
https://www.youtube.com/watch?v=TvzmLd0FEIM,No views,2022,1
https://www.youtube.com/watch?v=hztd5rpN5bQ,10 views,2022,10
https://www.youtube.com/watch?v=DFFcKsHoJ5M,4 views,2022,4
https://www.youtube.com/watch?v=9G9bf5i7Im8,14K views,2022,14875
https://www.youtube.com/watch?v=mAD8HtEmKx8,28 views,2022,28
https://www.youtube.com/watch?v=IO2dZxKBE58,180K views,2022,183846
https://www.youtube.com/watch?v=N5Vsdie-RfA,2.3K views,2020,2382
https://www.youtube.com/watch?v=yytWGELNeOI,636K views,2020,636855
https://www.youtube.com/watch?v=wqly3QVQkH0,9.7K views,2022,9789
https://www.youtube.com/watch?v=UZmypIxutNI,22K views,2022,22549
https://www.youtube.com/watch?v=FIGQDPjqw4U,3.8K views,2020,3820
https://www.youtube.com/watch?v=Lc8ZoN97xEM,2 views,2022,2
https://www.youtube.com/watch?v=8Ckaw90lJ30,2 views,2022,2
https://www.youtube.com/watch?v=GQpQha2Mfpg,734K views,2021,734103
https://www.youtube.com/watch?v=a72yIwfvZXg,21K views,2021,21961
https://www.youtube.com/watch?v=OUPJkkYtqM4,1.1K views,2022,1176
https://www.youtube.com/watch?v=898u3rCDX-k,No views,2022,1
https://www.youtube.com/watch?v=cI1DFeNUNOE,8.6K views,2022,8660
https://www.youtube.com/watch?v=hS1DPTiPdnM,8.4K views,2022,8501
https://www.youtube.com/watch?v=kWiCuklohdY,4.1M views,2020,4128274
https://www.youtube.com/watch?v=JjAPRogWeOU,2.7K views,2022,2723
https://www.youtube.com/watch?v=5O9abIxIqNA,302K views,2021,302183
https://www.youtube.com/watch?v=UMfCZMuZoRk,74K views,2020,74785
