,name,Detail Views,path,brightness,complexity,colorfulness,quality
0,#NAME?,1808,E:/00 KULYAH/SEMESTER 5/Data Mining II/UAS/Projek UAS/all/-BOBedcjySI.jpg,88725.81179,0.945531684,47.36801401,66.26636743
1,#NAME?,18463,E:/00 KULYAH/SEMESTER 5/Data Mining II/UAS/Projek UAS/all/-FXLwjugI_Q.jpg,118500.1803,0.981748047,102.4965553,69.95396579
2,#NAME?,249561,E:/00 KULYAH/SEMESTER 5/Data Mining II/UAS/Projek UAS/all/-pEs-Bss8Wc.jpg,106622.8822,0.97147895,96.84169596,69.5608881
3,-Sgw-6a1HjU.jpg,13040,E:/00 KULYAH/SEMESTER 5/Data Mining II/UAS/Projek UAS/all/-Sgw-6a1HjU.jpg,108188.6245,0.976740451,58.85056302,87.02515193
4,#NAME?,2231004,E:/00 KULYAH/SEMESTER 5/Data Mining II/UAS/Projek UAS/all/-VDXBHLU8q4.jpg,123443.4703,0.916993273,81.36903423,28.30500084
5,#NAME?,6477,E:/00 KULYAH/SEMESTER 5/Data Mining II/UAS/Projek UAS/all/-vQ8r-T4Pi4.jpg,143067.4802,0.943729384,156.5999056,78.83250821
6,01sAkU_NvOY.jpg,1128802,E:/00 KULYAH/SEMESTER 5/Data Mining II/UAS/Projek UAS/all/01sAkU_NvOY.jpg,121605.6339,0.95757704,69.37632952,54.50685276
7,0c6JXSQKEP4.jpg,68278,E:/00 KULYAH/SEMESTER 5/Data Mining II/UAS/Projek UAS/all/0c6JXSQKEP4.jpg,102370.1638,0.947539063,47.86411786,66.56163269
8,0DLnExXGrRE.jpg,58652,E:/00 KULYAH/SEMESTER 5/Data Mining II/UAS/Projek UAS/all/0DLnExXGrRE.jpg,159303.3993,0.975948351,86.75666578,41.09417623
9,0sOvCWFmrtA.jpg,1217237,E:/00 KULYAH/SEMESTER 5/Data Mining II/UAS/Projek UAS/all/0sOvCWFmrtA.jpg,93775.41346,0.979917535,45.33508735,61.21344549
10,0unqyeg7LXo.jpg,53571,E:/00 KULYAH/SEMESTER 5/Data Mining II/UAS/Projek UAS/all/0unqyeg7LXo.jpg,170476.5038,0.963857422,53.81231116,46.45122644
11,27u8xHqLMZE.jpg,805466,E:/00 KULYAH/SEMESTER 5/Data Mining II/UAS/Projek UAS/all/27u8xHqLMZE.jpg,145007.9122,0.97178928,61.95221498,49.87256538
12,29ORwoToTww.jpg,80579,E:/00 KULYAH/SEMESTER 5/Data Mining II/UAS/Projek UAS/all/29ORwoToTww.jpg,112533.3132,0.932288411,96.14905318,48.22458462
13,2H3e8RgY7C0.jpg,178,E:/00 KULYAH/SEMESTER 5/Data Mining II/UAS/Projek UAS/all/2H3e8RgY7C0.jpg,76163.73574,0.978318142,66.71667032,59.98603829
14,2ITe5fdzCas.jpg,6036,E:/00 KULYAH/SEMESTER 5/Data Mining II/UAS/Projek UAS/all/2ITe5fdzCas.jpg,88209.76374,0.956985677,64.69827104,-0.437053558
15,2WL-XTl2QYI.jpg,158537,E:/00 KULYAH/SEMESTER 5/Data Mining II/UAS/Projek UAS/all/2WL-XTl2QYI.jpg,120353.907,0.971409505,84.58018393,46.89347357
16,3kPOahr0unM.jpg,238916,E:/00 KULYAH/SEMESTER 5/Data Mining II/UAS/Projek UAS/all/3kPOahr0unM.jpg,104022.3526,0.950192057,51.26040843,21.94577716
17,4EaYeZyzIB0.jpg,7254,E:/00 KULYAH/SEMESTER 5/Data Mining II/UAS/Projek UAS/all/4EaYeZyzIB0.jpg,118600.6313,0.906699219,50.3883794,67.61183701
18,4rymD1Hpnho.jpg,56247,E:/00 KULYAH/SEMESTER 5/Data Mining II/UAS/Projek UAS/all/4rymD1Hpnho.jpg,124884.9669,0.978674045,57.1912417,57.87295765
19,4TWtdIs2d2E.jpg,55003,E:/00 KULYAH/SEMESTER 5/Data Mining II/UAS/Projek UAS/all/4TWtdIs2d2E.jpg,155363.8089,0.937178819,66.48783347,73.13850156
20,5aYpkLfkgRE.jpg,186453,E:/00 KULYAH/SEMESTER 5/Data Mining II/UAS/Projek UAS/all/5aYpkLfkgRE.jpg,114220.9444,0.958746745,69.54091851,28.06485845
21,5O9abIxIqNA.jpg,302183,E:/00 KULYAH/SEMESTER 5/Data Mining II/UAS/Projek UAS/all/5O9abIxIqNA.jpg,135367.5623,0.936130642,39.22112423,8.84168296
22,5x6iAKdJB6U.jpg,61389,E:/00 KULYAH/SEMESTER 5/Data Mining II/UAS/Projek UAS/all/5x6iAKdJB6U.jpg,61526.15369,0.990168186,49.75670744,70.00582013
23,6Fa91SY9Gnw.jpg,13327,E:/00 KULYAH/SEMESTER 5/Data Mining II/UAS/Projek UAS/all/6Fa91SY9Gnw.jpg,143278.1104,0.958101128,23.68664344,44.52269295
24,6i3EGqOBRiU.jpg,77393,E:/00 KULYAH/SEMESTER 5/Data Mining II/UAS/Projek UAS/all/6i3EGqOBRiU.jpg,164529.8229,0.927829861,139.9088421,40.79156285
25,6rIpt3kUI1I.jpg,26023,E:/00 KULYAH/SEMESTER 5/Data Mining II/UAS/Projek UAS/all/6rIpt3kUI1I.jpg,97976.85567,0.992279731,61.83147943,33.26893459
26,79pKwdiqcwI.jpg,4449284,E:/00 KULYAH/SEMESTER 5/Data Mining II/UAS/Projek UAS/all/79pKwdiqcwI.jpg,101816.8972,0.98023546,111.2047682,47.60547514
27,7eh4d6sabA0.jpg,1655546,E:/00 KULYAH/SEMESTER 5/Data Mining II/UAS/Projek UAS/all/7eh4d6sabA0.jpg,188392.853,0.977196181,102.3173498,64.96604906
28,7FltByLPnrg.jpg,63725,E:/00 KULYAH/SEMESTER 5/Data Mining II/UAS/Projek UAS/all/7FltByLPnrg.jpg,185238.154,0.977763672,64.07659377,55.6456562
29,7guoq2ka7Gw.jpg,4121,E:/00 KULYAH/SEMESTER 5/Data Mining II/UAS/Projek UAS/all/7guoq2ka7Gw.jpg,211806.4891,0.963627387,106.0284776,85.56719249
30,7mTDcJ8bz_0.jpg,19081,E:/00 KULYAH/SEMESTER 5/Data Mining II/UAS/Projek UAS/all/7mTDcJ8bz_0.jpg,103901.7592,0.956603733,20.57700661,64.3441731
31,7utwZYKweho.jpg,65936,E:/00 KULYAH/SEMESTER 5/Data Mining II/UAS/Projek UAS/all/7utwZYKweho.jpg,58074.90792,0.946442057,60.94405596,53.03881072
32,7X08tuz0M5o.jpg,15254,E:/00 KULYAH/SEMESTER 5/Data Mining II/UAS/Projek UAS/all/7X08tuz0M5o.jpg,106753.2189,0.965230035,118.8293043,64.14085868
33,8124kv-632k.jpg,238937,E:/00 KULYAH/SEMESTER 5/Data Mining II/UAS/Projek UAS/all/8124kv-632k.jpg,107803.6515,0.980159505,49.71982708,60.94774771
34,8AYWbW-tU0Y.jpg,18076,E:/00 KULYAH/SEMESTER 5/Data Mining II/UAS/Projek UAS/all/8AYWbW-tU0Y.jpg,74369.27417,0.97921658,31.32541675,73.35870575
35,8ext9G7xspg.jpg,3124818,E:/00 KULYAH/SEMESTER 5/Data Mining II/UAS/Projek UAS/all/8ext9G7xspg.jpg,105184.5545,0.973916016,44.61785714,67.03211044
36,8hly31xKli0.jpg,2779905,E:/00 KULYAH/SEMESTER 5/Data Mining II/UAS/Projek UAS/all/8hly31xKli0.jpg,98845.38522,0.939653863,33.17821049,20.44558238
37,8lLWtr5Kzl0.jpg,12104,E:/00 KULYAH/SEMESTER 5/Data Mining II/UAS/Projek UAS/all/8lLWtr5Kzl0.jpg,61727.06452,0.943216146,52.15739661,34.66811653
38,95JrLWKy6-I.jpg,265524,E:/00 KULYAH/SEMESTER 5/Data Mining II/UAS/Projek UAS/all/95JrLWKy6-I.jpg,145024.0039,0.968900825,38.79085409,73.39114664
39,96eqseoRmi0.jpg,13140,E:/00 KULYAH/SEMESTER 5/Data Mining II/UAS/Projek UAS/all/96eqseoRmi0.jpg,109102.2881,0.976625434,68.21121033,65.75590234
40,9FVX7PdNfu8.jpg,72521,E:/00 KULYAH/SEMESTER 5/Data Mining II/UAS/Projek UAS/all/9FVX7PdNfu8.jpg,181384.6805,0.968617622,139.0596434,39.45937983
41,9G9bf5i7Im8.jpg,14875,E:/00 KULYAH/SEMESTER 5/Data Mining II/UAS/Projek UAS/all/9G9bf5i7Im8.jpg,127708.7256,0.944911024,79.5873904,31.48608014
42,9hVzEKZQyMU.jpg,3276706,E:/00 KULYAH/SEMESTER 5/Data Mining II/UAS/Projek UAS/all/9hVzEKZQyMU.jpg,144876.0824,0.930693359,42.04076906,39.56829343
43,9ikGSQwxp-A.jpg,17194,E:/00 KULYAH/SEMESTER 5/Data Mining II/UAS/Projek UAS/all/9ikGSQwxp-A.jpg,85830.46247,0.935659722,72.32809666,59.55066557
44,9NOkPsAib2Y.jpg,3119,E:/00 KULYAH/SEMESTER 5/Data Mining II/UAS/Projek UAS/all/9NOkPsAib2Y.jpg,115605.4868,0.963631727,52.60428987,62.08867449
45,9xiuFrL0wSw.jpg,3334,E:/00 KULYAH/SEMESTER 5/Data Mining II/UAS/Projek UAS/all/9xiuFrL0wSw.jpg,80881.21394,0.979419488,60.4193277,75.92684245
46,a6DPueTvN50.jpg,37336,E:/00 KULYAH/SEMESTER 5/Data Mining II/UAS/Projek UAS/all/a6DPueTvN50.jpg,173849.6355,0.977375217,84.3104221,76.51770552
47,a72yIwfvZXg.jpg,21961,E:/00 KULYAH/SEMESTER 5/Data Mining II/UAS/Projek UAS/all/a72yIwfvZXg.jpg,141628.5183,0.925110677,79.79621809,26.0636898
48,aaPtU0dFyAU.jpg,19330,E:/00 KULYAH/SEMESTER 5/Data Mining II/UAS/Projek UAS/all/aaPtU0dFyAU.jpg,135372.1497,0.939794922,138.1244767,40.82724
49,aCaV5KO8z_o.jpg,77481,E:/00 KULYAH/SEMESTER 5/Data Mining II/UAS/Projek UAS/all/aCaV5KO8z_o.jpg,102175.1297,0.939928385,73.29369855,59.70774387
50,aftw0WX4oCc.jpg,38048,E:/00 KULYAH/SEMESTER 5/Data Mining II/UAS/Projek UAS/all/aftw0WX4oCc.jpg,141223.1787,0.938817274,37.09067112,11.15213748
51,anEoBZkZRHA.jpg,3843,E:/00 KULYAH/SEMESTER 5/Data Mining II/UAS/Projek UAS/all/anEoBZkZRHA.jpg,115836.1799,0.975834418,56.41531972,69.21969284
52,at7rpdT8FeI.jpg,900154,E:/00 KULYAH/SEMESTER 5/Data Mining II/UAS/Projek UAS/all/at7rpdT8FeI.jpg,77055.00401,0.985657552,102.9620671,90.86933793
53,at_pCoGgs2E.jpg,17589,E:/00 KULYAH/SEMESTER 5/Data Mining II/UAS/Projek UAS/all/at_pCoGgs2E.jpg,100199.3998,0.939077691,86.45981949,54.93362191
54,AwIXfaGEN4c.jpg,145638,E:/00 KULYAH/SEMESTER 5/Data Mining II/UAS/Projek UAS/all/AwIXfaGEN4c.jpg,218388.794,0.972016059,70.57259886,80.54651748
55,B-s71n0dHUk.jpg,290814,E:/00 KULYAH/SEMESTER 5/Data Mining II/UAS/Projek UAS/all/B-s71n0dHUk.jpg,182254.0471,0.983395182,75.56356136,61.8013015
56,b093aqAZiPU.jpg,1070113,E:/00 KULYAH/SEMESTER 5/Data Mining II/UAS/Projek UAS/all/b093aqAZiPU.jpg,175531.6935,0.977424045,64.93924936,43.15518066
57,b0sRC8iUKvg.jpg,35104,E:/00 KULYAH/SEMESTER 5/Data Mining II/UAS/Projek UAS/all/b0sRC8iUKvg.jpg,110282.4197,0.974112413,66.40602959,71.50621302
58,B6XpZy7to3Q.jpg,3615,E:/00 KULYAH/SEMESTER 5/Data Mining II/UAS/Projek UAS/all/B6XpZy7to3Q.jpg,34550.43277,0.921556713,68.27403918,51.40847439
59,B9nFMZIYQl0.jpg,91635,E:/00 KULYAH/SEMESTER 5/Data Mining II/UAS/Projek UAS/all/B9nFMZIYQl0.jpg,116086.9121,0.979268663,71.51707344,25.33440719
60,bi0cKgmRuiA.jpg,235866,E:/00 KULYAH/SEMESTER 5/Data Mining II/UAS/Projek UAS/all/bi0cKgmRuiA.jpg,80456.17422,0.977197266,73.74313164,72.70588169
61,BI2f6Mefhjo.jpg,19806,E:/00 KULYAH/SEMESTER 5/Data Mining II/UAS/Projek UAS/all/BI2f6Mefhjo.jpg,115803.9142,0.972287326,88.30367227,76.38465993
62,BiDOehqG68g.jpg,317331,E:/00 KULYAH/SEMESTER 5/Data Mining II/UAS/Projek UAS/all/BiDOehqG68g.jpg,42814.42701,0.934342448,98.89770791,61.1887057
63,bIjJVKmAz98.jpg,37431,E:/00 KULYAH/SEMESTER 5/Data Mining II/UAS/Projek UAS/all/bIjJVKmAz98.jpg,157766.4387,0.979033203,111.3112023,31.84626077
64,BKwnOOs0ml8.jpg,958488,E:/00 KULYAH/SEMESTER 5/Data Mining II/UAS/Projek UAS/all/BKwnOOs0ml8.jpg,26706.73917,0.997050781,37.513828,105.6271962
65,BkzYfW1H8LI.jpg,665715,E:/00 KULYAH/SEMESTER 5/Data Mining II/UAS/Projek UAS/all/BkzYfW1H8LI.jpg,106354.6325,0.963115234,48.92376348,25.36892326
66,Bsv_07Q-D70.jpg,84232,E:/00 KULYAH/SEMESTER 5/Data Mining II/UAS/Projek UAS/all/Bsv_07Q-D70.jpg,165373.3507,0.978557943,117.7720918,69.97306788
67,bzWzlXiavXs.jpg,37247,E:/00 KULYAH/SEMESTER 5/Data Mining II/UAS/Projek UAS/all/bzWzlXiavXs.jpg,86437.8445,0.963218316,29.84682016,80.46040116
68,C6M67z4_bZ8.jpg,12087,E:/00 KULYAH/SEMESTER 5/Data Mining II/UAS/Projek UAS/all/C6M67z4_bZ8.jpg,132798.734,0.973246528,120.6643409,66.60536783
69,c8W7dRPdIPE.jpg,74715,E:/00 KULYAH/SEMESTER 5/Data Mining II/UAS/Projek UAS/all/c8W7dRPdIPE.jpg,163836.3372,0.974018012,97.10554464,65.48949704
70,cBQ4c1IQJSE.jpg,61413,E:/00 KULYAH/SEMESTER 5/Data Mining II/UAS/Projek UAS/all/cBQ4c1IQJSE.jpg,68265.34877,0.991542969,43.61961491,84.72702364
71,cI1DFeNUNOE.jpg,8660,E:/00 KULYAH/SEMESTER 5/Data Mining II/UAS/Projek UAS/all/cI1DFeNUNOE.jpg,116879.549,0.979818793,25.11911217,39.66274064
72,Ciqf0RJvY9U.jpg,13663,E:/00 KULYAH/SEMESTER 5/Data Mining II/UAS/Projek UAS/all/Ciqf0RJvY9U.jpg,101835.6633,0.942134332,85.74156629,57.06499369
73,cJJTnI22IF8.jpg,83264,E:/00 KULYAH/SEMESTER 5/Data Mining II/UAS/Projek UAS/all/cJJTnI22IF8.jpg,128971.4774,0.978914931,143.6057132,57.72741732
74,cK342bacpQI.jpg,5946,E:/00 KULYAH/SEMESTER 5/Data Mining II/UAS/Projek UAS/all/cK342bacpQI.jpg,120230.8415,0.961190321,62.27393182,27.5490895
75,cu0JGmTiCtY.jpg,126,E:/00 KULYAH/SEMESTER 5/Data Mining II/UAS/Projek UAS/all/cu0JGmTiCtY.jpg,115046.78,0.976502821,83.20385941,70.14944736
76,CVWUcUZ_CKY.jpg,7048,E:/00 KULYAH/SEMESTER 5/Data Mining II/UAS/Projek UAS/all/CVWUcUZ_CKY.jpg,114119.6207,0.972123481,58.29994563,37.6577022
77,cyt0O7saU4Q.jpg,210542,E:/00 KULYAH/SEMESTER 5/Data Mining II/UAS/Projek UAS/all/cyt0O7saU4Q.jpg,113738.034,0.951859809,76.06062734,42.17330458
78,d5BzuLlII_Y.jpg,170376,E:/00 KULYAH/SEMESTER 5/Data Mining II/UAS/Projek UAS/all/d5BzuLlII_Y.jpg,202109.8684,0.949754774,74.62926967,35.70866319
79,dHANJ4l6fwA.jpg,54308,E:/00 KULYAH/SEMESTER 5/Data Mining II/UAS/Projek UAS/all/dHANJ4l6fwA.jpg,156059.4909,0.929392361,51.07726206,28.08560172
80,DhdOKh5Issw.jpg,34360,E:/00 KULYAH/SEMESTER 5/Data Mining II/UAS/Projek UAS/all/DhdOKh5Issw.jpg,129388.2193,0.973244358,35.14856095,67.89867992
81,DInMru2Eq6E.jpg,167439,E:/00 KULYAH/SEMESTER 5/Data Mining II/UAS/Projek UAS/all/DInMru2Eq6E.jpg,164555.0924,0.923999566,138.8469859,43.24067749
82,dK6gJw4-NCo.jpg,59005,E:/00 KULYAH/SEMESTER 5/Data Mining II/UAS/Projek UAS/all/dK6gJw4-NCo.jpg,59309.09565,0.963070747,32.02303187,75.28985302
83,DNo3uW5USts.jpg,1578,E:/00 KULYAH/SEMESTER 5/Data Mining II/UAS/Projek UAS/all/DNo3uW5USts.jpg,82006.39015,0.947319878,13.48573817,80.26101228
84,dqdrVzzGzes.jpg,130958,E:/00 KULYAH/SEMESTER 5/Data Mining II/UAS/Projek UAS/all/dqdrVzzGzes.jpg,150175.2117,0.973832465,90.60781779,64.94526368
85,DsCazsOPHSc.jpg,24211,E:/00 KULYAH/SEMESTER 5/Data Mining II/UAS/Projek UAS/all/DsCazsOPHSc.jpg,206766.8526,0.971360677,61.32405918,72.69012243
86,E8fmDDtaHLU.jpg,124652,E:/00 KULYAH/SEMESTER 5/Data Mining II/UAS/Projek UAS/all/E8fmDDtaHLU.jpg,139796.8064,0.960115017,90.53315193,46.8099866
87,eaxU2Dmo8uw.jpg,49718,E:/00 KULYAH/SEMESTER 5/Data Mining II/UAS/Projek UAS/all/eaxU2Dmo8uw.jpg,204824.478,0.976692708,54.6347559,76.37578559
88,eeRw__TlgmQ.jpg,214248,E:/00 KULYAH/SEMESTER 5/Data Mining II/UAS/Projek UAS/all/eeRw__TlgmQ.jpg,129319.6618,0.9725,90.26926261,53.81636528
89,Ej_02ICOIgs.jpg,872348,E:/00 KULYAH/SEMESTER 5/Data Mining II/UAS/Projek UAS/all/Ej_02ICOIgs.jpg,102010.1688,0.977070313,54.91600242,80.3367497
90,eKqY-oP1d_Y.jpg,3209364,E:/00 KULYAH/SEMESTER 5/Data Mining II/UAS/Projek UAS/all/eKqY-oP1d_Y.jpg,159106.8924,0.943092448,117.5231137,53.8759469
91,elBpRf9PX0Q.jpg,52036,E:/00 KULYAH/SEMESTER 5/Data Mining II/UAS/Projek UAS/all/elBpRf9PX0Q.jpg,201973.3044,0.982246094,91.93937461,62.23797856
92,eTyI-M50Hu4.jpg,2060210,E:/00 KULYAH/SEMESTER 5/Data Mining II/UAS/Projek UAS/all/eTyI-M50Hu4.jpg,133796.0005,0.97233941,76.92814104,62.98342667
93,eWRfhZUzrAc.jpg,442323,E:/00 KULYAH/SEMESTER 5/Data Mining II/UAS/Projek UAS/all/eWRfhZUzrAc.jpg,103887.7968,0.96773763,53.87293237,51.56643365
94,F3T8tg2tVKM.jpg,42911,E:/00 KULYAH/SEMESTER 5/Data Mining II/UAS/Projek UAS/all/F3T8tg2tVKM.jpg,95435.86067,0.979409722,71.53750783,45.06582598
95,f7LEWxX4AVI.jpg,522603,E:/00 KULYAH/SEMESTER 5/Data Mining II/UAS/Projek UAS/all/f7LEWxX4AVI.jpg,140999.7354,0.967659505,58.83676623,28.12102737
96,FIGQDPjqw4U.jpg,3820,E:/00 KULYAH/SEMESTER 5/Data Mining II/UAS/Projek UAS/all/FIGQDPjqw4U.jpg,131530.6067,0.95538954,101.1095363,56.21938637
97,FniLzpaSFGk.jpg,29921,E:/00 KULYAH/SEMESTER 5/Data Mining II/UAS/Projek UAS/all/FniLzpaSFGk.jpg,144813.5528,0.983381076,91.01038302,84.64008007
98,fOZEuFW3Hc0.jpg,91127,E:/00 KULYAH/SEMESTER 5/Data Mining II/UAS/Projek UAS/all/fOZEuFW3Hc0.jpg,132410.7891,0.925582682,50.88919085,17.2899835
99,FP6qQgJI5f4.jpg,36397,E:/00 KULYAH/SEMESTER 5/Data Mining II/UAS/Projek UAS/all/FP6qQgJI5f4.jpg,164461.4798,0.92288303,137.9087774,43.72846311
100,fP9IvI4qu80.jpg,1453139,E:/00 KULYAH/SEMESTER 5/Data Mining II/UAS/Projek UAS/all/fP9IvI4qu80.jpg,200186.4044,0.961969401,83.05154205,35.87581536
101,G18YEjpwHDY.jpg,23983,E:/00 KULYAH/SEMESTER 5/Data Mining II/UAS/Projek UAS/all/G18YEjpwHDY.jpg,121038.1273,0.92875217,47.6111842,72.50369248
102,G8MYGDf_9ho.jpg,65684,E:/00 KULYAH/SEMESTER 5/Data Mining II/UAS/Projek UAS/all/G8MYGDf_9ho.jpg,183807.7898,0.984113498,64.52916249,88.87357227
103,gdaSQAqXIwI.jpg,46157,E:/00 KULYAH/SEMESTER 5/Data Mining II/UAS/Projek UAS/all/gdaSQAqXIwI.jpg,145747.1825,0.947328559,55.64416316,35.78877847
104,Gf1QaBReA2I.jpg,129535,E:/00 KULYAH/SEMESTER 5/Data Mining II/UAS/Projek UAS/all/Gf1QaBReA2I.jpg,135983.8332,0.938266059,61.69513349,34.45315184
105,gfDE2a7MKjA.jpg,18299120,E:/00 KULYAH/SEMESTER 5/Data Mining II/UAS/Projek UAS/all/gfDE2a7MKjA.jpg,98855.73008,0.954577908,82.81545532,61.22355029
106,GiUGVOqqCKg.jpg,34179,E:/00 KULYAH/SEMESTER 5/Data Mining II/UAS/Projek UAS/all/GiUGVOqqCKg.jpg,184931.44,0.974793837,79.96903201,68.61659921
107,GKsCitAEKow.jpg,94368,E:/00 KULYAH/SEMESTER 5/Data Mining II/UAS/Projek UAS/all/GKsCitAEKow.jpg,185422.7765,0.941361762,42.51888796,14.45242588
108,gOR9qZ3ZgwA.jpg,652677,E:/00 KULYAH/SEMESTER 5/Data Mining II/UAS/Projek UAS/all/gOR9qZ3ZgwA.jpg,133507.3814,0.962472873,73.32290529,59.98982587
109,GPVsHOlRBBI.jpg,1607689,E:/00 KULYAH/SEMESTER 5/Data Mining II/UAS/Projek UAS/all/GPVsHOlRBBI.jpg,104478.4905,0.956984592,52.75588881,35.41135144
110,GQpQha2Mfpg.jpg,734103,E:/00 KULYAH/SEMESTER 5/Data Mining II/UAS/Projek UAS/all/GQpQha2Mfpg.jpg,90357.17539,0.970066189,79.91637846,45.54831635
111,h-grthPvpB0.jpg,362535,E:/00 KULYAH/SEMESTER 5/Data Mining II/UAS/Projek UAS/all/h-grthPvpB0.jpg,154620.0589,0.984182943,20.27672702,47.9768331
112,H0gBuwpriMs.jpg,8554,E:/00 KULYAH/SEMESTER 5/Data Mining II/UAS/Projek UAS/all/H0gBuwpriMs.jpg,114999.8072,0.96921875,58.30212321,37.4678242
113,hQ_Bv99TSOw.jpg,2871,E:/00 KULYAH/SEMESTER 5/Data Mining II/UAS/Projek UAS/all/hQ_Bv99TSOw.jpg,97526.9721,0.956456163,82.79170107,60.02006778
114,hS1DPTiPdnM.jpg,8501,E:/00 KULYAH/SEMESTER 5/Data Mining II/UAS/Projek UAS/all/hS1DPTiPdnM.jpg,108088.1846,0.962296007,64.61159612,31.64278643
115,hu1Q2Uw2muE.jpg,29375,E:/00 KULYAH/SEMESTER 5/Data Mining II/UAS/Projek UAS/all/hu1Q2Uw2muE.jpg,115880.3228,0.969364149,58.22141042,38.16962483
116,HvjYxuU6LHk.jpg,650955,E:/00 KULYAH/SEMESTER 5/Data Mining II/UAS/Projek UAS/all/HvjYxuU6LHk.jpg,144657.4231,0.939878472,116.2612101,57.99305403
117,hVrr438vl8g.jpg,282253,E:/00 KULYAH/SEMESTER 5/Data Mining II/UAS/Projek UAS/all/hVrr438vl8g.jpg,24536.66143,0.972936198,24.85387925,83.11543273
118,i3-PQ4CkU8s.jpg,123179,E:/00 KULYAH/SEMESTER 5/Data Mining II/UAS/Projek UAS/all/i3-PQ4CkU8s.jpg,135207.4887,0.964858941,91.810739,41.62421782
119,iA8lLwmtKQM.jpg,1158871,E:/00 KULYAH/SEMESTER 5/Data Mining II/UAS/Projek UAS/all/iA8lLwmtKQM.jpg,77748.66273,0.981831597,58.17262946,78.23916328
120,iJblwyN0c0M.jpg,471705,E:/00 KULYAH/SEMESTER 5/Data Mining II/UAS/Projek UAS/all/iJblwyN0c0M.jpg,157385.6723,0.961679688,101.5963062,56.76849748
121,iM3kjbbKHQU.jpg,18189,E:/00 KULYAH/SEMESTER 5/Data Mining II/UAS/Projek UAS/all/iM3kjbbKHQU.jpg,76378.30652,0.975865885,58.49091948,58.46347219
122,IO2dZxKBE58.jpg,183846,E:/00 KULYAH/SEMESTER 5/Data Mining II/UAS/Projek UAS/all/IO2dZxKBE58.jpg,165332.0099,0.958166233,76.96729113,36.08158128
123,IXr0-J5XXMA.jpg,464716,E:/00 KULYAH/SEMESTER 5/Data Mining II/UAS/Projek UAS/all/IXr0-J5XXMA.jpg,142157.2157,0.930505642,67.74982984,14.90367566
124,i_ZEaE5vfE0.jpg,17923,E:/00 KULYAH/SEMESTER 5/Data Mining II/UAS/Projek UAS/all/i_ZEaE5vfE0.jpg,116916.2091,0.970121528,58.20123657,37.99533012
125,j31ah5Qa4QI.jpg,46791,E:/00 KULYAH/SEMESTER 5/Data Mining II/UAS/Projek UAS/all/j31ah5Qa4QI.jpg,156139.9727,0.977701823,105.1653754,72.56816466
126,j4F75zbPdoQ.jpg,2182,E:/00 KULYAH/SEMESTER 5/Data Mining II/UAS/Projek UAS/all/j4F75zbPdoQ.jpg,133068.9898,0.959185113,104.2650723,38.08311786
127,j7VZsCCnptM.jpg,515040,E:/00 KULYAH/SEMESTER 5/Data Mining II/UAS/Projek UAS/all/j7VZsCCnptM.jpg,99710.93806,0.985836589,77.98173934,93.84584464
128,jBzwzrDvZ18.jpg,1241127,E:/00 KULYAH/SEMESTER 5/Data Mining II/UAS/Projek UAS/all/jBzwzrDvZ18.jpg,107559.4948,0.983123915,65.59865754,82.16086594
129,JdG1cVFyj5A.jpg,813794,E:/00 KULYAH/SEMESTER 5/Data Mining II/UAS/Projek UAS/all/JdG1cVFyj5A.jpg,89947.72947,0.967248264,66.17798712,48.4593111
130,JeznW_7DlB0.jpg,2322533,E:/00 KULYAH/SEMESTER 5/Data Mining II/UAS/Projek UAS/all/JeznW_7DlB0.jpg,107138.0776,0.956116536,35.62554486,63.79571574
131,jH85McHenvw.jpg,191026,E:/00 KULYAH/SEMESTER 5/Data Mining II/UAS/Projek UAS/all/jH85McHenvw.jpg,190255.9367,0.982823351,122.7811901,85.42930702
132,JjAPRogWeOU.jpg,2723,E:/00 KULYAH/SEMESTER 5/Data Mining II/UAS/Projek UAS/all/JjAPRogWeOU.jpg,68532.86929,0.945719401,96.05556381,51.44597068
133,JjGJDUObcDo.jpg,101,E:/00 KULYAH/SEMESTER 5/Data Mining II/UAS/Projek UAS/all/JjGJDUObcDo.jpg,103877.5341,0.966075304,75.65289136,41.90990005
134,JnFkHNIheXQ.jpg,21008,E:/00 KULYAH/SEMESTER 5/Data Mining II/UAS/Projek UAS/all/JnFkHNIheXQ.jpg,112010.1469,0.976056858,58.35399734,36.9377566
135,JNXmCOumNw0.jpg,21713,E:/00 KULYAH/SEMESTER 5/Data Mining II/UAS/Projek UAS/all/JNXmCOumNw0.jpg,194752.9516,0.973148872,54.17683972,62.52312046
136,JVFOQiNIX4o.jpg,162,E:/00 KULYAH/SEMESTER 5/Data Mining II/UAS/Projek UAS/all/JVFOQiNIX4o.jpg,85813.90633,0.98718099,19.32180718,96.37990355
137,JwSS70SZdyM.jpg,1096900,E:/00 KULYAH/SEMESTER 5/Data Mining II/UAS/Projek UAS/all/JwSS70SZdyM.jpg,137237.0717,0.965901693,36.50089169,67.49464009
138,JxzZxdht-XY.jpg,1225932,E:/00 KULYAH/SEMESTER 5/Data Mining II/UAS/Projek UAS/all/JxzZxdht-XY.jpg,132656.6068,0.974110243,90.75165802,55.36325505
139,k0ZAkmYxVTQ.jpg,86830,E:/00 KULYAH/SEMESTER 5/Data Mining II/UAS/Projek UAS/all/k0ZAkmYxVTQ.jpg,204686.1057,0.927094184,17.46871732,41.09225861
140,k5A92NDg8RQ.jpg,15140,E:/00 KULYAH/SEMESTER 5/Data Mining II/UAS/Projek UAS/all/k5A92NDg8RQ.jpg,84633.96817,0.963998843,8.848952747,52.05547666
141,k9WqpQp8VSU.jpg,3751052,E:/00 KULYAH/SEMESTER 5/Data Mining II/UAS/Projek UAS/all/k9WqpQp8VSU.jpg,133605.9265,0.946616753,44.79126651,41.87998824
142,KM_9in6ei50.jpg,82508,E:/00 KULYAH/SEMESTER 5/Data Mining II/UAS/Projek UAS/all/KM_9in6ei50.jpg,102878.0488,0.984252387,62.58945346,73.88252857
143,Kn1HF3oD19c.jpg,799179,E:/00 KULYAH/SEMESTER 5/Data Mining II/UAS/Projek UAS/all/Kn1HF3oD19c.jpg,110534.6461,0.971145833,89.12458918,38.21984884
144,kqtD5dpn9C8.jpg,8340944,E:/00 KULYAH/SEMESTER 5/Data Mining II/UAS/Projek UAS/all/kqtD5dpn9C8.jpg,193583.142,0.97905816,103.1564028,66.18168583
145,KUpAMAQtOow.jpg,450676,E:/00 KULYAH/SEMESTER 5/Data Mining II/UAS/Projek UAS/all/KUpAMAQtOow.jpg,173682.4243,0.957263455,107.9954454,23.54059796
146,kWEbNBXc2-Y.jpg,323282,E:/00 KULYAH/SEMESTER 5/Data Mining II/UAS/Projek UAS/all/kWEbNBXc2-Y.jpg,155759.2526,0.986304253,101.12503,85.89592121
147,kWiCuklohdY.jpg,4128274,E:/00 KULYAH/SEMESTER 5/Data Mining II/UAS/Projek UAS/all/kWiCuklohdY.jpg,79834.4876,0.977067057,72.4038793,86.09644622
148,l1nmr3QeohI.jpg,888823,E:/00 KULYAH/SEMESTER 5/Data Mining II/UAS/Projek UAS/all/l1nmr3QeohI.jpg,138587.5273,0.964765625,76.9780292,48.0832818
149,L5hU3NPXZIc.jpg,148,E:/00 KULYAH/SEMESTER 5/Data Mining II/UAS/Projek UAS/all/L5hU3NPXZIc.jpg,90627.80967,0.978133681,49.55233466,61.47142852
150,L5sZ6WgOnj0.jpg,214652,E:/00 KULYAH/SEMESTER 5/Data Mining II/UAS/Projek UAS/all/L5sZ6WgOnj0.jpg,130970.2391,0.971457248,135.585592,55.56561063
151,l8Imtec4ReQ.jpg,821556,E:/00 KULYAH/SEMESTER 5/Data Mining II/UAS/Projek UAS/all/l8Imtec4ReQ.jpg,138529.2827,0.960123698,60.78151267,65.73301575
152,LajgX-9nNB8.jpg,110785,E:/00 KULYAH/SEMESTER 5/Data Mining II/UAS/Projek UAS/all/LajgX-9nNB8.jpg,208702.8613,0.963246528,68.13505172,52.9148076
153,LEXFAgBBfE0.jpg,61529,E:/00 KULYAH/SEMESTER 5/Data Mining II/UAS/Projek UAS/all/LEXFAgBBfE0.jpg,148132.2598,0.965967882,68.08010534,46.26262918
154,lFlKyGygoW0.jpg,212728,E:/00 KULYAH/SEMESTER 5/Data Mining II/UAS/Projek UAS/all/lFlKyGygoW0.jpg,107784.3258,0.978806424,67.14674112,65.53006572
155,lfw8avj1RYo.jpg,3238,E:/00 KULYAH/SEMESTER 5/Data Mining II/UAS/Projek UAS/all/lfw8avj1RYo.jpg,148378.7329,0.962099609,95.2126082,41.08556027
156,LHBE6Q9XlzI.jpg,2472063,E:/00 KULYAH/SEMESTER 5/Data Mining II/UAS/Projek UAS/all/LHBE6Q9XlzI.jpg,100590.7992,0.974573568,34.14655962,53.12536132
157,LhQKRPEKfH4.jpg,1983,E:/00 KULYAH/SEMESTER 5/Data Mining II/UAS/Projek UAS/all/LhQKRPEKfH4.jpg,80969.70935,0.963559028,49.29917834,88.25560755
158,LP_93bSBwTs.jpg,53785,E:/00 KULYAH/SEMESTER 5/Data Mining II/UAS/Projek UAS/all/LP_93bSBwTs.jpg,103759.3708,0.967223307,76.42154794,72.25683732
159,lUWkxFEfe2g.jpg,66560,E:/00 KULYAH/SEMESTER 5/Data Mining II/UAS/Projek UAS/all/lUWkxFEfe2g.jpg,148405.022,0.96563151,68.29651986,46.35092317
160,lynyJWG_eHU.jpg,203,E:/00 KULYAH/SEMESTER 5/Data Mining II/UAS/Projek UAS/all/lynyJWG_eHU.jpg,206598.2712,0.950865885,39.97626704,42.58618491
161,LzYNWme1W6Q.jpg,672705,E:/00 KULYAH/SEMESTER 5/Data Mining II/UAS/Projek UAS/all/LzYNWme1W6Q.jpg,171892.2414,0.980610894,109.2978206,74.11980723
162,M323OL6K5vs.jpg,305941,E:/00 KULYAH/SEMESTER 5/Data Mining II/UAS/Projek UAS/all/M323OL6K5vs.jpg,176821.5984,0.980384115,57.19716858,48.76858766
163,mDKM-JtUhhc.jpg,45396,E:/00 KULYAH/SEMESTER 5/Data Mining II/UAS/Projek UAS/all/mDKM-JtUhhc.jpg,230999.2245,0.98007487,83.53486993,75.49383856
164,MfxvLJeLXZw.jpg,194445,E:/00 KULYAH/SEMESTER 5/Data Mining II/UAS/Projek UAS/all/MfxvLJeLXZw.jpg,84228.89628,0.958069661,134.7418443,67.84738541
165,MHPGeQD8TvI.jpg,2959405,E:/00 KULYAH/SEMESTER 5/Data Mining II/UAS/Projek UAS/all/MHPGeQD8TvI.jpg,127633.5966,0.970735677,43.44544213,52.53440194
166,mJEpimi_tFo.jpg,94493,E:/00 KULYAH/SEMESTER 5/Data Mining II/UAS/Projek UAS/all/mJEpimi_tFo.jpg,123815.1169,0.976284722,99.44982204,65.78976106
167,MLqHDsBOC4c.jpg,134728,E:/00 KULYAH/SEMESTER 5/Data Mining II/UAS/Projek UAS/all/MLqHDsBOC4c.jpg,150171.1277,0.962631293,94.07086432,67.06149674
168,mpL0Y01v6tY.jpg,21422,E:/00 KULYAH/SEMESTER 5/Data Mining II/UAS/Projek UAS/all/mpL0Y01v6tY.jpg,204048.8389,0.972855903,106.0199879,58.09328309
169,mRMmlo_Uqcs.jpg,1443210,E:/00 KULYAH/SEMESTER 5/Data Mining II/UAS/Projek UAS/all/mRMmlo_Uqcs.jpg,109230.773,0.944651693,49.46818716,15.09672205
170,Mut_u40Sqz4.jpg,187545,E:/00 KULYAH/SEMESTER 5/Data Mining II/UAS/Projek UAS/all/Mut_u40Sqz4.jpg,126807.2457,0.95906033,66.70500594,51.89465695
171,MUZtVEDKXsk.jpg,68696,E:/00 KULYAH/SEMESTER 5/Data Mining II/UAS/Projek UAS/all/MUZtVEDKXsk.jpg,149723.677,0.933340929,49.79521306,41.70922173
172,mXJzJM9YAjM.jpg,42942,E:/00 KULYAH/SEMESTER 5/Data Mining II/UAS/Projek UAS/all/mXJzJM9YAjM.jpg,100416.6865,0.971005859,66.02112205,50.2482318
173,mYhSOSQC-ko.jpg,6487,E:/00 KULYAH/SEMESTER 5/Data Mining II/UAS/Projek UAS/all/mYhSOSQC-ko.jpg,93181.08304,0.964100477,50.60305426,39.77773166
174,mYUyaKmvu6Y.jpg,118854,E:/00 KULYAH/SEMESTER 5/Data Mining II/UAS/Projek UAS/all/mYUyaKmvu6Y.jpg,113183.8463,0.973339844,44.54241889,74.7108224
175,m_3gjHGxIJc.jpg,4659,E:/00 KULYAH/SEMESTER 5/Data Mining II/UAS/Projek UAS/all/m_3gjHGxIJc.jpg,93701.81207,0.979437934,74.78160057,58.48001283
176,M_npdRYD4K0.jpg,213120,E:/00 KULYAH/SEMESTER 5/Data Mining II/UAS/Projek UAS/all/M_npdRYD4K0.jpg,89670.04412,0.982305773,50.12150357,84.93327377
177,m_y5g1SHbTA.jpg,4663,E:/00 KULYAH/SEMESTER 5/Data Mining II/UAS/Projek UAS/all/m_y5g1SHbTA.jpg,120881.3808,0.983319227,79.21539775,47.54821533
178,n0zEsDkwwQs.jpg,104392,E:/00 KULYAH/SEMESTER 5/Data Mining II/UAS/Projek UAS/all/n0zEsDkwwQs.jpg,139217.5165,0.964558377,97.91571909,48.9257847
179,n2B-FClr5rA.jpg,179676,E:/00 KULYAH/SEMESTER 5/Data Mining II/UAS/Projek UAS/all/n2B-FClr5rA.jpg,94321.85724,0.908867188,31.74395146,80.60829729
180,n2o8ckO-lfk.jpg,56080,E:/00 KULYAH/SEMESTER 5/Data Mining II/UAS/Projek UAS/all/n2o8ckO-lfk.jpg,154129.4044,0.976316189,49.57268109,47.25236467
181,N5Vsdie-RfA.jpg,2382,E:/00 KULYAH/SEMESTER 5/Data Mining II/UAS/Projek UAS/all/N5Vsdie-RfA.jpg,154257.9138,0.958355035,107.6102471,72.35153278
182,N81PCpADwKQ.jpg,221190,E:/00 KULYAH/SEMESTER 5/Data Mining II/UAS/Projek UAS/all/N81PCpADwKQ.jpg,140003.7976,0.972306858,77.91319357,56.64194621
183,nbX4MBzB_rg.jpg,238426,E:/00 KULYAH/SEMESTER 5/Data Mining II/UAS/Projek UAS/all/nbX4MBzB_rg.jpg,183228.5274,0.953502604,93.26826997,57.95312593
184,NCvI-K0Gp90.jpg,527660,E:/00 KULYAH/SEMESTER 5/Data Mining II/UAS/Projek UAS/all/NCvI-K0Gp90.jpg,131060.5175,0.954915365,100.8137366,37.02276752
185,nEg1jfQDIU4.jpg,4858,E:/00 KULYAH/SEMESTER 5/Data Mining II/UAS/Projek UAS/all/nEg1jfQDIU4.jpg,229132.2793,0.970964627,41.36867565,83.51430302
186,nfHkVoEoc2s.jpg,111,E:/00 KULYAH/SEMESTER 5/Data Mining II/UAS/Projek UAS/all/nfHkVoEoc2s.jpg,191104.8434,0.987204861,57.22461445,91.24434087
187,nIuQu9LhNoA.jpg,117,E:/00 KULYAH/SEMESTER 5/Data Mining II/UAS/Projek UAS/all/nIuQu9LhNoA.jpg,157443.8432,0.976025391,94.80908026,51.03871738
188,Nj7h3FWcRGY.jpg,316313,E:/00 KULYAH/SEMESTER 5/Data Mining II/UAS/Projek UAS/all/Nj7h3FWcRGY.jpg,191037.4996,0.968921441,140.7561782,64.46993366
189,nRHjymV2PX8.jpg,29929,E:/00 KULYAH/SEMESTER 5/Data Mining II/UAS/Projek UAS/all/nRHjymV2PX8.jpg,140091.2611,0.93055447,58.50262684,35.89516653
190,o-pRdr8IMWg.jpg,45294,E:/00 KULYAH/SEMESTER 5/Data Mining II/UAS/Projek UAS/all/o-pRdr8IMWg.jpg,209911.7451,0.977293837,56.2494196,77.72878448
191,O60CFmcWyEY.jpg,56516,E:/00 KULYAH/SEMESTER 5/Data Mining II/UAS/Projek UAS/all/O60CFmcWyEY.jpg,114940.5534,0.973859592,58.29855645,38.26529626
192,ObTWBJ4QCPQ.jpg,3071,E:/00 KULYAH/SEMESTER 5/Data Mining II/UAS/Projek UAS/all/ObTWBJ4QCPQ.jpg,82417.53214,0.978330078,61.40586801,77.02982763
193,OdtVdjtONb4.jpg,52320,E:/00 KULYAH/SEMESTER 5/Data Mining II/UAS/Projek UAS/all/OdtVdjtONb4.jpg,115254.1636,0.974194878,54.33503695,58.52923707
194,Ogild8PjK6c.jpg,311214,E:/00 KULYAH/SEMESTER 5/Data Mining II/UAS/Projek UAS/all/Ogild8PjK6c.jpg,150099.6108,0.957760417,99.6227472,44.53083179
195,OJk5rD7st-I.jpg,35554,E:/00 KULYAH/SEMESTER 5/Data Mining II/UAS/Projek UAS/all/OJk5rD7st-I.jpg,136850.6386,0.953327908,119.7335032,55.64416909
196,OKuiyX5k6zg.jpg,315220,E:/00 KULYAH/SEMESTER 5/Data Mining II/UAS/Projek UAS/all/OKuiyX5k6zg.jpg,123254.3667,0.956586372,95.83029056,43.40912452
197,Ongc4EVqRjo.jpg,318339,E:/00 KULYAH/SEMESTER 5/Data Mining II/UAS/Projek UAS/all/Ongc4EVqRjo.jpg,187625.2971,0.992403429,56.29135414,58.84978313
198,ON_JubFRw8M.jpg,101201,E:/00 KULYAH/SEMESTER 5/Data Mining II/UAS/Projek UAS/all/ON_JubFRw8M.jpg,185168.2158,0.970454644,80.86408257,57.41691348
199,OodH9dHzw1I.jpg,18202,E:/00 KULYAH/SEMESTER 5/Data Mining II/UAS/Projek UAS/all/OodH9dHzw1I.jpg,80426.22108,0.959443359,31.51904136,64.33031647
200,ORGYmVvUmEY.jpg,692767,E:/00 KULYAH/SEMESTER 5/Data Mining II/UAS/Projek UAS/all/ORGYmVvUmEY.jpg,112196.0933,0.974013672,91.55326998,72.41356199
201,ot94H3-d5d8.jpg,104559,E:/00 KULYAH/SEMESTER 5/Data Mining II/UAS/Projek UAS/all/ot94H3-d5d8.jpg,108145.8067,0.971281467,67.23916162,73.74746294
202,OUPJkkYtqM4.jpg,1176,E:/00 KULYAH/SEMESTER 5/Data Mining II/UAS/Projek UAS/all/OUPJkkYtqM4.jpg,78057.26032,0.9015625,57.12928025,14.27609773
203,Ov1tuHS4uNw.jpg,14126,E:/00 KULYAH/SEMESTER 5/Data Mining II/UAS/Projek UAS/all/Ov1tuHS4uNw.jpg,105916.2448,0.897237413,56.09362266,47.03838004
204,oXlwWbU8l2o.jpg,2187102,E:/00 KULYAH/SEMESTER 5/Data Mining II/UAS/Projek UAS/all/oXlwWbU8l2o.jpg,96344.78381,0.978580729,63.99845093,75.23839073
205,Oz3W-LKfafE.jpg,433170,E:/00 KULYAH/SEMESTER 5/Data Mining II/UAS/Projek UAS/all/Oz3W-LKfafE.jpg,159245.2504,0.954398872,122.8542573,55.37095573
206,OZIRAavoGng.jpg,149072,E:/00 KULYAH/SEMESTER 5/Data Mining II/UAS/Projek UAS/all/OZIRAavoGng.jpg,209672.2459,0.975186632,58.16966171,71.63769889
207,o_NVse-jrsY.jpg,3928,E:/00 KULYAH/SEMESTER 5/Data Mining II/UAS/Projek UAS/all/o_NVse-jrsY.jpg,92685.92193,0.955530599,16.04235513,86.3868309
208,p15xzjzR9j0.jpg,1066827,E:/00 KULYAH/SEMESTER 5/Data Mining II/UAS/Projek UAS/all/p15xzjzR9j0.jpg,136783.281,0.954077691,80.4353087,51.82854099
209,p4OH431qzoQ.jpg,26232,E:/00 KULYAH/SEMESTER 5/Data Mining II/UAS/Projek UAS/all/p4OH431qzoQ.jpg,132588.3519,0.988295356,66.22492177,93.90770178
210,PbNkn_746sU.jpg,68399,E:/00 KULYAH/SEMESTER 5/Data Mining II/UAS/Projek UAS/all/PbNkn_746sU.jpg,114488.5703,0.983471137,81.80028177,49.9421171
211,pdy3nh1tn6I.jpg,242265,E:/00 KULYAH/SEMESTER 5/Data Mining II/UAS/Projek UAS/all/pdy3nh1tn6I.jpg,95581.40303,0.984751519,40.30819446,83.75327973
212,PgKbrHcVhZs.jpg,10950,E:/00 KULYAH/SEMESTER 5/Data Mining II/UAS/Projek UAS/all/PgKbrHcVhZs.jpg,122326.0357,0.980207248,84.81008881,79.35320774
213,pkYVOmU3MgA.jpg,1206472,E:/00 KULYAH/SEMESTER 5/Data Mining II/UAS/Projek UAS/all/pkYVOmU3MgA.jpg,92474.52023,0.947406684,39.97518028,26.89912921
214,PXMJ6FS7llk.jpg,644768,E:/00 KULYAH/SEMESTER 5/Data Mining II/UAS/Projek UAS/all/PXMJ6FS7llk.jpg,83575.71595,0.973247613,51.26983569,81.88018671
215,P_r5YtAW8lk.jpg,29615,E:/00 KULYAH/SEMESTER 5/Data Mining II/UAS/Projek UAS/all/P_r5YtAW8lk.jpg,106781.2878,0.965171441,118.8222713,64.26581016
216,qbLc5a9jdXo.jpg,540393,E:/00 KULYAH/SEMESTER 5/Data Mining II/UAS/Projek UAS/all/qbLc5a9jdXo.jpg,93087.81448,0.977918837,32.95592772,45.02442973
217,qgwEs36D_Xc.jpg,61899,E:/00 KULYAH/SEMESTER 5/Data Mining II/UAS/Projek UAS/all/qgwEs36D_Xc.jpg,179631.0927,0.976783854,114.0188424,79.48020174
218,QhD015WUMxE.jpg,67661,E:/00 KULYAH/SEMESTER 5/Data Mining II/UAS/Projek UAS/all/QhD015WUMxE.jpg,132033.0911,0.813562283,41.16414453,44.58522589
219,Qi28uPKaH_A.jpg,856947,E:/00 KULYAH/SEMESTER 5/Data Mining II/UAS/Projek UAS/all/Qi28uPKaH_A.jpg,97749.20177,0.971752387,68.29977805,81.59557974
220,QjhnPeonvMo.jpg,167165,E:/00 KULYAH/SEMESTER 5/Data Mining II/UAS/Projek UAS/all/QjhnPeonvMo.jpg,75317.38896,0.973942057,17.9801514,21.24799059
221,qKf_gSr8CSM.jpg,12038,E:/00 KULYAH/SEMESTER 5/Data Mining II/UAS/Projek UAS/all/qKf_gSr8CSM.jpg,115276.5316,0.969149306,57.84620256,36.09015994
222,qP8kir2GUgo.jpg,371934,E:/00 KULYAH/SEMESTER 5/Data Mining II/UAS/Projek UAS/all/qP8kir2GUgo.jpg,124769.3516,0.968630642,116.4703575,42.20631215
223,qRdhNbnT8CQ.jpg,16644,E:/00 KULYAH/SEMESTER 5/Data Mining II/UAS/Projek UAS/all/qRdhNbnT8CQ.jpg,131646.7904,0.953963759,115.7516173,62.4370593
224,qrDN2FKvl_w.jpg,4003,E:/00 KULYAH/SEMESTER 5/Data Mining II/UAS/Projek UAS/all/qrDN2FKvl_w.jpg,111407.8768,0.977625868,58.25299967,36.95718586
225,qUeud6DvOWI.jpg,999994,E:/00 KULYAH/SEMESTER 5/Data Mining II/UAS/Projek UAS/all/qUeud6DvOWI.jpg,79710.59507,0.988526476,43.76867152,94.20115904
226,qxYbHzn8bbU.jpg,806683,E:/00 KULYAH/SEMESTER 5/Data Mining II/UAS/Projek UAS/all/qxYbHzn8bbU.jpg,150042.4043,0.968900825,43.44672144,50.02736007
227,qYhrd2Lhq0g.jpg,237404,E:/00 KULYAH/SEMESTER 5/Data Mining II/UAS/Projek UAS/all/qYhrd2Lhq0g.jpg,204122.9903,0.926253255,21.7087856,48.01868849
228,r-uOLxNrNk8.jpg,2270286,E:/00 KULYAH/SEMESTER 5/Data Mining II/UAS/Projek UAS/all/r-uOLxNrNk8.jpg,99893.29517,0.963386502,36.93511357,38.44000284
229,rDrDZFtLBNs.jpg,116778,E:/00 KULYAH/SEMESTER 5/Data Mining II/UAS/Projek UAS/all/rDrDZFtLBNs.jpg,88507.19925,0.992557509,49.54192474,34.85847156
230,RF26NjCUNvs.jpg,905,E:/00 KULYAH/SEMESTER 5/Data Mining II/UAS/Projek UAS/all/RF26NjCUNvs.jpg,107308.5482,0.967912326,74.89183588,53.58663768
231,rHux0gMZ3Eg.jpg,1188152,E:/00 KULYAH/SEMESTER 5/Data Mining II/UAS/Projek UAS/all/rHux0gMZ3Eg.jpg,196795.3334,0.981174045,104.0210733,66.30511515
232,RJWlUyfOy1o.jpg,57832,E:/00 KULYAH/SEMESTER 5/Data Mining II/UAS/Projek UAS/all/RJWlUyfOy1o.jpg,146106.1426,0.976011285,129.6117916,74.52508813
233,RnFGwxJwx-0.jpg,1207063,E:/00 KULYAH/SEMESTER 5/Data Mining II/UAS/Projek UAS/all/RnFGwxJwx-0.jpg,166948.306,0.960591363,152.3009947,39.66149435
234,rOpJhKa-Chk.jpg,25675,E:/00 KULYAH/SEMESTER 5/Data Mining II/UAS/Projek UAS/all/rOpJhKa-Chk.jpg,70638.44993,0.988498264,53.66173422,75.85428689
235,rQKOPmHz5G0.jpg,37157,E:/00 KULYAH/SEMESTER 5/Data Mining II/UAS/Projek UAS/all/rQKOPmHz5G0.jpg,113472.6315,0.970186632,96.40267745,44.19527998
236,RRr0kMLf8sE.jpg,11076,E:/00 KULYAH/SEMESTER 5/Data Mining II/UAS/Projek UAS/all/RRr0kMLf8sE.jpg,103603.0581,0.952939453,58.11916388,37.24438696
237,rWC2iFlN3TM.jpg,103306,E:/00 KULYAH/SEMESTER 5/Data Mining II/UAS/Projek UAS/all/rWC2iFlN3TM.jpg,174296.6759,0.983830295,92.33236825,68.90625414
238,rwWCyXYwPhA.jpg,108639,E:/00 KULYAH/SEMESTER 5/Data Mining II/UAS/Projek UAS/all/rwWCyXYwPhA.jpg,170227.6256,0.971660156,77.84110815,43.61185677
239,RYE0QQKJI9o.jpg,560030,E:/00 KULYAH/SEMESTER 5/Data Mining II/UAS/Projek UAS/all/RYE0QQKJI9o.jpg,136344.4381,0.957977431,47.05416464,45.56650788
240,S051_h_t8GQ.jpg,95176,E:/00 KULYAH/SEMESTER 5/Data Mining II/UAS/Projek UAS/all/S051_h_t8GQ.jpg,150408.2731,0.975562066,93.46004385,35.28199768
241,s3IvdkCq2_c.jpg,109111,E:/00 KULYAH/SEMESTER 5/Data Mining II/UAS/Projek UAS/all/s3IvdkCq2_c.jpg,116640.5391,0.979337023,65.16988444,46.45940083
242,s8uyLscRl-Q.jpg,724396,E:/00 KULYAH/SEMESTER 5/Data Mining II/UAS/Projek UAS/all/s8uyLscRl-Q.jpg,94072.16961,0.981822917,108.5289572,61.31312558
243,s8XjEuplx_U.jpg,873541,E:/00 KULYAH/SEMESTER 5/Data Mining II/UAS/Projek UAS/all/s8XjEuplx_U.jpg,99583.3798,0.97874566,44.37510156,76.14523816
244,SB2Zy4SnmyE.jpg,7902,E:/00 KULYAH/SEMESTER 5/Data Mining II/UAS/Projek UAS/all/SB2Zy4SnmyE.jpg,147444.9517,0.974108073,97.37627465,64.41611749
245,sCOw5y1RQpY.jpg,4691887,E:/00 KULYAH/SEMESTER 5/Data Mining II/UAS/Projek UAS/all/sCOw5y1RQpY.jpg,144249.6468,0.951228299,84.98936444,57.75220334
246,SJ7xnhSLwi0.jpg,6658,E:/00 KULYAH/SEMESTER 5/Data Mining II/UAS/Projek UAS/all/SJ7xnhSLwi0.jpg,87840.67381,0.969833984,64.37666706,66.9858024
247,SKhFwzsTQUE.jpg,126923,E:/00 KULYAH/SEMESTER 5/Data Mining II/UAS/Projek UAS/all/SKhFwzsTQUE.jpg,150342.2746,0.962090929,97.43635828,61.30837706
248,SrSl6T1My00.jpg,121064,E:/00 KULYAH/SEMESTER 5/Data Mining II/UAS/Projek UAS/all/SrSl6T1My00.jpg,113491.4792,0.954790582,42.96402934,23.6237598
249,sXhKa_4-5fE.jpg,142334,E:/00 KULYAH/SEMESTER 5/Data Mining II/UAS/Projek UAS/all/sXhKa_4-5fE.jpg,143489.8058,0.974712457,63.9137615,36.81579546
250,sxTmJE4k0ho.jpg,727362,E:/00 KULYAH/SEMESTER 5/Data Mining II/UAS/Projek UAS/all/sxTmJE4k0ho.jpg,103466.951,0.939432509,41.32513912,67.95860459
251,T2pd3KRSoHI.jpg,29554,E:/00 KULYAH/SEMESTER 5/Data Mining II/UAS/Projek UAS/all/T2pd3KRSoHI.jpg,119260.591,0.969855686,49.87271706,54.70085556
252,t4QNtBKCMZI.jpg,12749,E:/00 KULYAH/SEMESTER 5/Data Mining II/UAS/Projek UAS/all/t4QNtBKCMZI.jpg,117328.2104,0.967855903,57.95162363,37.81003063
253,T6OLDHAWjjA.jpg,368088,E:/00 KULYAH/SEMESTER 5/Data Mining II/UAS/Projek UAS/all/T6OLDHAWjjA.jpg,130820.6343,0.882098524,47.32882644,14.52053588
254,T6_pYAWkzzA.jpg,12709,E:/00 KULYAH/SEMESTER 5/Data Mining II/UAS/Projek UAS/all/T6_pYAWkzzA.jpg,116639.7618,0.971902127,58.14585993,37.38449669
255,t7DrJqcUviA.jpg,213026,E:/00 KULYAH/SEMESTER 5/Data Mining II/UAS/Projek UAS/all/t7DrJqcUviA.jpg,139191.9133,0.976133898,74.98482742,85.38638068
256,t8pPdKYpowI.jpg,3362546,E:/00 KULYAH/SEMESTER 5/Data Mining II/UAS/Projek UAS/all/t8pPdKYpowI.jpg,150494.2691,0.97819553,57.18605823,64.60709139
257,T936yTchDck.jpg,4284903,E:/00 KULYAH/SEMESTER 5/Data Mining II/UAS/Projek UAS/all/T936yTchDck.jpg,117064.3188,0.968914931,102.0940529,47.5733473
258,Tapo2Bm-tns.jpg,15724,E:/00 KULYAH/SEMESTER 5/Data Mining II/UAS/Projek UAS/all/Tapo2Bm-tns.jpg,103344.433,0.950266927,89.7871226,51.24291235
259,tcxYkk16BCI.jpg,1515928,E:/00 KULYAH/SEMESTER 5/Data Mining II/UAS/Projek UAS/all/tcxYkk16BCI.jpg,131544.5212,0.953020833,27.98244239,32.7181858
260,th4OBktqK1I.jpg,231428,E:/00 KULYAH/SEMESTER 5/Data Mining II/UAS/Projek UAS/all/th4OBktqK1I.jpg,154350.1865,0.968078342,137.0486355,38.42934758
261,tPYj3fFJGjk.jpg,2284454,E:/00 KULYAH/SEMESTER 5/Data Mining II/UAS/Projek UAS/all/tPYj3fFJGjk.jpg,97137.06961,0.979448785,58.33996142,81.55477984
262,TQ6AwO0sdvA.jpg,106925,E:/00 KULYAH/SEMESTER 5/Data Mining II/UAS/Projek UAS/all/TQ6AwO0sdvA.jpg,142267.161,0.970175781,121.0428215,57.14174224
263,UARBitWTIwQ.jpg,77761,E:/00 KULYAH/SEMESTER 5/Data Mining II/UAS/Projek UAS/all/UARBitWTIwQ.jpg,150611.7095,0.972703993,98.19271945,72.68195193
264,ub7AzDdqEDc.jpg,18278,E:/00 KULYAH/SEMESTER 5/Data Mining II/UAS/Projek UAS/all/ub7AzDdqEDc.jpg,153537.0194,0.977255859,103.2108319,63.14852488
265,ubV-8EYzTyc.jpg,79695,E:/00 KULYAH/SEMESTER 5/Data Mining II/UAS/Projek UAS/all/ubV-8EYzTyc.jpg,133439.4866,0.927165799,35.52601996,5.620651984
266,UHKACm20iS0.jpg,10816,E:/00 KULYAH/SEMESTER 5/Data Mining II/UAS/Projek UAS/all/UHKACm20iS0.jpg,159588.291,0.960572917,51.44183664,32.6127168
267,UMfCZMuZoRk.jpg,74785,E:/00 KULYAH/SEMESTER 5/Data Mining II/UAS/Projek UAS/all/UMfCZMuZoRk.jpg,90257.00799,0.976955295,33.78920001,69.68258672
268,UtMMjXOlRQc.jpg,1227289,E:/00 KULYAH/SEMESTER 5/Data Mining II/UAS/Projek UAS/all/UtMMjXOlRQc.jpg,116455.8451,0.924611545,82.5839692,21.39666065
269,uuflFk_LQ-E.jpg,1372305,E:/00 KULYAH/SEMESTER 5/Data Mining II/UAS/Projek UAS/all/uuflFk_LQ-E.jpg,120872.4821,0.968468967,77.67445976,58.94843179
270,UZmypIxutNI.jpg,22549,E:/00 KULYAH/SEMESTER 5/Data Mining II/UAS/Projek UAS/all/UZmypIxutNI.jpg,74718.12202,0.979254557,32.4281462,44.16447324
271,v68woFABJ5U.jpg,200500,E:/00 KULYAH/SEMESTER 5/Data Mining II/UAS/Projek UAS/all/v68woFABJ5U.jpg,73965.66443,0.938450521,112.0666673,41.63608861
272,Va37c30zA-M.jpg,463684,E:/00 KULYAH/SEMESTER 5/Data Mining II/UAS/Projek UAS/all/Va37c30zA-M.jpg,85033.72789,0.967822266,143.3920417,85.59094956
273,VchuKL44s6E.jpg,1093499,E:/00 KULYAH/SEMESTER 5/Data Mining II/UAS/Projek UAS/all/VchuKL44s6E.jpg,149908.7035,0.960376519,73.67749495,56.15382746
274,vCJVFnepECc.jpg,20954,E:/00 KULYAH/SEMESTER 5/Data Mining II/UAS/Projek UAS/all/vCJVFnepECc.jpg,82909.45684,0.973420139,57.1694954,77.40974303
275,vEQ8CXFWLZU.jpg,406150,E:/00 KULYAH/SEMESTER 5/Data Mining II/UAS/Projek UAS/all/vEQ8CXFWLZU.jpg,148601.5782,0.969429253,90.37620427,53.77613873
276,vFNZvZSOqlY.jpg,11174,E:/00 KULYAH/SEMESTER 5/Data Mining II/UAS/Projek UAS/all/vFNZvZSOqlY.jpg,89614.34106,0.968662109,35.66343994,73.7807911
277,VLNcnROUTb8.jpg,105790,E:/00 KULYAH/SEMESTER 5/Data Mining II/UAS/Projek UAS/all/VLNcnROUTb8.jpg,83028.89376,0.970874566,51.52550776,56.36245471
278,vLqTf2b6GZw.jpg,3830631,E:/00 KULYAH/SEMESTER 5/Data Mining II/UAS/Projek UAS/all/vLqTf2b6GZw.jpg,141586.1376,0.945914714,88.02042763,27.63992422
279,VtRLrQ3Ev-U.jpg,158985,E:/00 KULYAH/SEMESTER 5/Data Mining II/UAS/Projek UAS/all/VtRLrQ3Ev-U.jpg,95304.67793,0.970665148,70.29242128,58.29289591
280,vTtqtFtIzio.jpg,23289,E:/00 KULYAH/SEMESTER 5/Data Mining II/UAS/Projek UAS/all/vTtqtFtIzio.jpg,100551.7674,0.978947483,47.38617474,96.40487308
281,W1dzfYW4-KQ.jpg,48470,E:/00 KULYAH/SEMESTER 5/Data Mining II/UAS/Projek UAS/all/W1dzfYW4-KQ.jpg,150141.2786,0.97913303,96.34353987,74.84114638
282,WcDaZ67TVRo.jpg,887648,E:/00 KULYAH/SEMESTER 5/Data Mining II/UAS/Projek UAS/all/WcDaZ67TVRo.jpg,90035.65645,0.975516493,54.24178549,44.8155143
283,wevY5qgMEZQ.jpg,4473,E:/00 KULYAH/SEMESTER 5/Data Mining II/UAS/Projek UAS/all/wevY5qgMEZQ.jpg,107424.938,0.984087457,86.88833234,83.36019304
284,wJI5RsdX26E.jpg,3240,E:/00 KULYAH/SEMESTER 5/Data Mining II/UAS/Projek UAS/all/wJI5RsdX26E.jpg,91805.12184,0.957617188,68.92940068,71.60220206
285,WkGFqxHoOfI.jpg,72739,E:/00 KULYAH/SEMESTER 5/Data Mining II/UAS/Projek UAS/all/WkGFqxHoOfI.jpg,99286.98181,0.979086372,62.9229973,61.80017083
286,WL1d21PcDC8.jpg,3849,E:/00 KULYAH/SEMESTER 5/Data Mining II/UAS/Projek UAS/all/WL1d21PcDC8.jpg,77082.00321,0.979544271,57.96439792,78.17939094
287,wqly3QVQkH0.jpg,9789,E:/00 KULYAH/SEMESTER 5/Data Mining II/UAS/Projek UAS/all/wqly3QVQkH0.jpg,154693.6332,0.94258572,83.21082977,18.49537308
288,WRNV7NVLNuA.jpg,208347,E:/00 KULYAH/SEMESTER 5/Data Mining II/UAS/Projek UAS/all/WRNV7NVLNuA.jpg,101501.9345,0.97866428,62.51507169,71.0301003
289,WVRMWH4EmfY.jpg,3950,E:/00 KULYAH/SEMESTER 5/Data Mining II/UAS/Projek UAS/all/WVRMWH4EmfY.jpg,78888.89237,0.98257704,59.4352374,80.21855192
290,WZHx1h6f2W0.jpg,505028,E:/00 KULYAH/SEMESTER 5/Data Mining II/UAS/Projek UAS/all/WZHx1h6f2W0.jpg,213021.6509,0.954917535,40.88834066,25.638468
291,x-Ag2_bJ40Y.jpg,9091,E:/00 KULYAH/SEMESTER 5/Data Mining II/UAS/Projek UAS/all/x-Ag2_bJ40Y.jpg,77082.80513,0.981117622,44.43595921,87.5742869
292,XCKWZAtKTnU.jpg,137334,E:/00 KULYAH/SEMESTER 5/Data Mining II/UAS/Projek UAS/all/XCKWZAtKTnU.jpg,95896.38006,0.938306207,70.26514727,35.0557673
293,xErUnOKQbFw.jpg,226730,E:/00 KULYAH/SEMESTER 5/Data Mining II/UAS/Projek UAS/all/xErUnOKQbFw.jpg,179306.6158,0.941981337,44.46616665,61.79938613
294,XfFkz_ND5jg.jpg,117090,E:/00 KULYAH/SEMESTER 5/Data Mining II/UAS/Projek UAS/all/XfFkz_ND5jg.jpg,120195.2759,0.913970269,66.07935006,18.77652539
295,xfzGZB4HhEE.jpg,1780657,E:/00 KULYAH/SEMESTER 5/Data Mining II/UAS/Projek UAS/all/xfzGZB4HhEE.jpg,96126.44009,0.967241753,58.36873071,25.24613414
296,XHzQvq-ltAo.jpg,305690,E:/00 KULYAH/SEMESTER 5/Data Mining II/UAS/Projek UAS/all/XHzQvq-ltAo.jpg,135842.0871,0.976468099,93.97214336,42.78644888
297,XIrOM9oP3pA.jpg,787237,E:/00 KULYAH/SEMESTER 5/Data Mining II/UAS/Projek UAS/all/XIrOM9oP3pA.jpg,104792.7805,0.928232422,93.93356755,29.24174386
298,XKHEtdqhLK8.jpg,6686579,E:/00 KULYAH/SEMESTER 5/Data Mining II/UAS/Projek UAS/all/XKHEtdqhLK8.jpg,106698.5244,0.978114149,46.27668032,63.8692799
299,XlxMdmDbtz8.jpg,14615,E:/00 KULYAH/SEMESTER 5/Data Mining II/UAS/Projek UAS/all/XlxMdmDbtz8.jpg,130483.5022,0.967255859,95.70734137,46.59371503
300,xMTBi4Q0cHw.jpg,6106,E:/00 KULYAH/SEMESTER 5/Data Mining II/UAS/Projek UAS/all/xMTBi4Q0cHw.jpg,152362.6598,0.97757704,104.5052913,73.35127101
301,XoMTqblwoIM.jpg,20486,E:/00 KULYAH/SEMESTER 5/Data Mining II/UAS/Projek UAS/all/XoMTqblwoIM.jpg,129151.9186,0.970372179,103.2301265,69.2030164
302,XtdQv1-tN18.jpg,39818,E:/00 KULYAH/SEMESTER 5/Data Mining II/UAS/Projek UAS/all/XtdQv1-tN18.jpg,59446.86881,0.982077908,50.558283,52.85391601
303,XWjUbY1M3dc.jpg,229995,E:/00 KULYAH/SEMESTER 5/Data Mining II/UAS/Projek UAS/all/XWjUbY1M3dc.jpg,190080.3102,0.934415148,115.0515503,79.03166087
304,yGN28LY5VuA.jpg,31365,E:/00 KULYAH/SEMESTER 5/Data Mining II/UAS/Projek UAS/all/yGN28LY5VuA.jpg,121221.4981,0.969462891,104.856127,75.51112821
305,yKHJsLUENl0.jpg,55849,E:/00 KULYAH/SEMESTER 5/Data Mining II/UAS/Projek UAS/all/yKHJsLUENl0.jpg,125059.8575,0.97883572,86.41422931,73.69316385
306,YmWg9ygpjFc.jpg,115,E:/00 KULYAH/SEMESTER 5/Data Mining II/UAS/Projek UAS/all/YmWg9ygpjFc.jpg,116610.2633,0.960791016,128.5656559,76.33161094
307,YnL9vAFphmE.jpg,354383,E:/00 KULYAH/SEMESTER 5/Data Mining II/UAS/Projek UAS/all/YnL9vAFphmE.jpg,106547.2926,0.972944878,26.35891226,34.70931705
308,Yp_tqu22zIU.jpg,1237986,E:/00 KULYAH/SEMESTER 5/Data Mining II/UAS/Projek UAS/all/Yp_tqu22zIU.jpg,123504.6241,0.974324002,53.55288457,90.56394935
309,yqkISICHH-U.jpg,821106,E:/00 KULYAH/SEMESTER 5/Data Mining II/UAS/Projek UAS/all/yqkISICHH-U.jpg,179697.6948,0.960302734,85.8994533,57.11928361
310,yytWGELNeOI.jpg,636855,E:/00 KULYAH/SEMESTER 5/Data Mining II/UAS/Projek UAS/all/yytWGELNeOI.jpg,92349.06356,0.95711046,83.09040704,68.44895128
311,z1PGJ9quPV8.jpg,641594,E:/00 KULYAH/SEMESTER 5/Data Mining II/UAS/Projek UAS/all/z1PGJ9quPV8.jpg,96770.08997,0.949530165,47.78256515,35.5096547
312,Zb5Nylziu6E.jpg,77270,E:/00 KULYAH/SEMESTER 5/Data Mining II/UAS/Projek UAS/all/Zb5Nylziu6E.jpg,181451.8116,0.980052083,38.0740196,74.81834723
313,zdMUJJKFdsU.jpg,1285110,E:/00 KULYAH/SEMESTER 5/Data Mining II/UAS/Projek UAS/all/zdMUJJKFdsU.jpg,92089.46048,0.983546007,33.86180359,89.2712688
314,zehwgTB0vV8.jpg,4269,E:/00 KULYAH/SEMESTER 5/Data Mining II/UAS/Projek UAS/all/zehwgTB0vV8.jpg,84350.73072,0.972505425,49.11479282,72.18789771
315,ZgqnPYmEcXw.jpg,3620,E:/00 KULYAH/SEMESTER 5/Data Mining II/UAS/Projek UAS/all/ZgqnPYmEcXw.jpg,123132.8682,0.968306207,41.51192364,24.03715054
316,ZLga4doUdjY.jpg,23648,E:/00 KULYAH/SEMESTER 5/Data Mining II/UAS/Projek UAS/all/ZLga4doUdjY.jpg,159091.6432,0.963438585,72.35630842,71.27344878
317,ZN1ECEOKFKM.jpg,54554,E:/00 KULYAH/SEMESTER 5/Data Mining II/UAS/Projek UAS/all/ZN1ECEOKFKM.jpg,93636.31276,0.965501302,72.57552114,75.06802066
318,znpjoOt9mtU.jpg,31068,E:/00 KULYAH/SEMESTER 5/Data Mining II/UAS/Projek UAS/all/znpjoOt9mtU.jpg,169357.3478,0.937625868,28.3051238,102.0163508
319,zPFZy6wKhVA.jpg,59257,E:/00 KULYAH/SEMESTER 5/Data Mining II/UAS/Projek UAS/all/zPFZy6wKhVA.jpg,161031.1612,0.955861545,100.7761068,50.97059428
320,zPGb7GJNcNI.jpg,6724,E:/00 KULYAH/SEMESTER 5/Data Mining II/UAS/Projek UAS/all/zPGb7GJNcNI.jpg,90447.00318,0.973563368,26.72880267,57.33334584
321,zrNHkRgWzTI.jpg,68096,E:/00 KULYAH/SEMESTER 5/Data Mining II/UAS/Projek UAS/all/zrNHkRgWzTI.jpg,157187.8111,0.980990668,107.8680361,81.4456913
322,ZsRMQHbx6Xc.jpg,24828,E:/00 KULYAH/SEMESTER 5/Data Mining II/UAS/Projek UAS/all/ZsRMQHbx6Xc.jpg,136198.9036,0.957606337,47.86870592,62.11337246
323,ZW-TWrEF6qc.jpg,67621,E:/00 KULYAH/SEMESTER 5/Data Mining II/UAS/Projek UAS/all/ZW-TWrEF6qc.jpg,98619.85682,0.983963759,95.55865549,67.7794376
324,ZWI-jrnbMhA.jpg,18375,E:/00 KULYAH/SEMESTER 5/Data Mining II/UAS/Projek UAS/all/ZWI-jrnbMhA.jpg,108196.83,0.983109809,64.3324622,69.28785097
325,_1IuEz8vp-E.jpg,12411,E:/00 KULYAH/SEMESTER 5/Data Mining II/UAS/Projek UAS/all/_1IuEz8vp-E.jpg,129002.1696,0.970857205,92.337603,50.8804618
326,_5pH_tr7uN0.jpg,176003,E:/00 KULYAH/SEMESTER 5/Data Mining II/UAS/Projek UAS/all/_5pH_tr7uN0.jpg,175288.92,0.94273112,44.01937154,42.52540964
327,_etNNDKbnHY.jpg,35823,E:/00 KULYAH/SEMESTER 5/Data Mining II/UAS/Projek UAS/all/_etNNDKbnHY.jpg,177559.49,0.97554362,64.39551229,31.24289642
328,_MzEthXDlGo.jpg,459830,E:/00 KULYAH/SEMESTER 5/Data Mining II/UAS/Projek UAS/all/_MzEthXDlGo.jpg,153420.4103,0.966192491,32.04808782,47.80056017
329,_qxhff3mHZc.jpg,67141,E:/00 KULYAH/SEMESTER 5/Data Mining II/UAS/Projek UAS/all/_qxhff3mHZc.jpg,118121.3836,0.971240234,85.08814232,30.14873224
330,_rQ3QHhWlAc.jpg,221,E:/00 KULYAH/SEMESTER 5/Data Mining II/UAS/Projek UAS/all/_rQ3QHhWlAc.jpg,54470.41021,0.919882813,68.20172991,54.95570024
331,_xf1TMs0ysk.jpg,337069,E:/00 KULYAH/SEMESTER 5/Data Mining II/UAS/Projek UAS/all/_xf1TMs0ysk.jpg,137108.3539,0.960364583,53.25816917,45.58041626
332,_ZnxE3bRAVQ.jpg,21069,E:/00 KULYAH/SEMESTER 5/Data Mining II/UAS/Projek UAS/all/_ZnxE3bRAVQ.jpg,187839.0949,0.954151476,71.52886962,48.26061473
333,__izua1kKeI.jpg,275806,E:/00 KULYAH/SEMESTER 5/Data Mining II/UAS/Projek UAS/all/__izua1kKeI.jpg,102244.4468,0.964971788,48.44790221,64.31039888
